Title,Year,Language,Run_Time_mins,Genre
Jannat,2008,Hindi,,
Bunty Aur Babli,2005,Hindi,170,"Comedy,Drama"
Jayantabhai Ki Luv Story,2013,Hindi,130,"Action,Comedy"
Minus 31: The Nagpur Files,2023,Hindi,,
Rukh,2017,Hindi,,
Tera Intezaar,2017,Hindi,108,Romance
Chaarfutiya Chhokare,2014,Hindi,,
Satyaprem Ki Katha,2023,Hindi,146,"Comedy,Drama,Musical"
Thalaivii,2021,Hindi,,
"Good Boy, Bad Boy",2007,Hindi,115,Comedy
Heropanti,2014,Hindi,146,"Action,Drama"
Veerey Ki Wedding,2018,Hindi,131,Comedy
The Killer,2006,Hindi,,
Housefull 3,2016,Hindi,140,
Summer 2007,2008,Hindi,166,"Crime,Drama"
Hawaa Hawaai,2014,Hindi,120,"Drama,Family"
Main Zaroor Aaunga,2019,Hindi,,
Sacred Evil â A True Story,2006,Hindi,,
Mandali,2023,Hindi,,
Ahista Ahista,2006,Hindi,,
Housefull,2010,Hindi,144,Comedy
Kick,2014,Hindi,,
Dabangg,2010,Hindi,126,"Action,Comedy,Crime"
Mere Brother Ki Dulhan,2011,Hindi,139,"Comedy,Drama,Family"
Mulk,2018,Hindi,140,
Karthik Calling Karthik,2010,Hindi,135,"Drama,Mystery,Romance"
Badlapur Boys,2014,Hindi,,
Dus,2005,Hindi,,
Future To Bright Hai Ji,2012,Hindi,,
Gold,2018,Hindi,,
Jai Ho,2014,Hindi,135,Action
Guest iin London,2017,Hindi,132,
Chhichhore,2019,Hindi,143,"Comedy,Drama"
Taare Zameen Par,2007,Hindi,,
Baadshaho,2017,Hindi,136,"Action,Adventure"
Halkaa,2018,Hindi,,
Fredrick,2016,Hindi,,
Thackeray,2019,Hindi,120,Biography
Socha Na Tha,2005,Hindi,,
Yaaram,2019,Hindi,,
The Film Emotional Atyachar,2010,Hindi,,
Yaariyan,2014,Hindi,164,"Comedy,Drama"
Bombairiya,2019,Hindi,104,"Comedy,Crime"
Parched,2016,Hindi,116,
Waarrior Savitri,2016,Hindi,,
Help,2010,Hindi,,
1971,2007,Hindi,136,"Action,Drama"
Desi Boyz,2011,Hindi,122,"Comedy,Drama"
My Friend Pinto,2011,Hindi,100,"Comedy,Crime"
Angel,2011,Hindi,,
Love in Bombay,2013,Hindi,,
De Dana Dan,2009,Hindi,162,Comedy
Vaada Raha,2009,Hindi,,
Mujib: The Making of a Nation,2023,Hindi,,
Chance Pe Dance,2010,Hindi,122,"Comedy,Drama"
Union Leader,2018,Hindi,,
Maan Gaye Mughal-e-Azam,2008,Hindi,,
Jazbaa,2015,Hindi,119,Drama
Anjaana Anjaani,2010,Hindi,151,"Comedy,Drama,Musical"
Rashmi Rocket,2021,Hindi,,
The Great Leader Kanshiram,2017,Hindi,,
Love Hostel,2022,Hindi,,
Dabangg,2010,Hindi,126,"Action,Comedy,Crime"
Ghost,2012,Hindi,,
Mitron,2018,Hindi,119,
Shahid,2013,Hindi,129,Biography
Hunterrr,2015,Hindi,,
Apaharan,2005,Hindi,173,"Action,Crime"
Fan,2016,Hindi,138,"Action,Drama"
Rock On!!,2008,Hindi,145,Drama
Manmarziyaan,2018,Hindi,,
Shaabash! You Can Do It[13],2009,Hindi,,
Singham,2011,Hindi,,
Station,2014,Hindi,,
Force 2,2016,Hindi,127,Action
Miss Tanakpur Haazir Ho,2015,Hindi,,
I Hate Luv Storys,2010,Hindi,129,"Comedy,Drama,Musical"
Ek Ladki Ko Dekha Toh Aisa Laga,2019,Hindi,120,Crime
Mere Dad Ki Maruti,2013,Hindi,101,"Comedy,Drama"
Chintu Ji,2009,Hindi,,
Namastey London,2007,Hindi,128,"Comedy,Drama"
Chopsticks,2019,Hindi,,
D Day,2013,Hindi,,
Chase,2010,Hindi,,
Hazaaron Khwaishein Aisi,2005,Hindi,,
Chicken Curry Law,2019,Hindi,,
Jai Veeru,2009,Hindi,,
Golmaal Again,2017,Hindi,140,"Action,Comedy"
Irada,2017,Hindi,109,"Drama,Mystery"
Jo Bole So Nihaal,2005,Hindi,125,"Action,Comedy"
Fever,2016,Hindi,,
99,2009,Hindi,135,"Comedy,Crime"
Operation Mayfair,2023,Hindi,116,Crime
Once Upon ay Time in Mumbai Dobaara!,2013,Hindi,,
Baaghi 2,2018,Hindi,137,"Action,Drama"
Shree,2013,Hindi,,
Chak De! India,2007,Hindi,153,"Drama,Family"
Laal Rang,2016,Hindi,147,"Comedy,Crime,Drama"
Munna Mange Memsaab,2014,Hindi,,
Laal Singh Chaddha,2022,Hindi,159,"Comedy,Drama"
Challo Driver,2012,Hindi,,
Jeena Hai Toh Thok Daal,2012,Hindi,,
Bhaiaji Superhit,2018,Hindi,,
Nazar Andaaz,2022,Hindi,,
Bang Bang!,2014,Hindi,,
Ferrari Ki Sawaari,2012,Hindi,140,"Comedy,Drama,Family"
Kacchey Limbu,2023,Hindi,,
Kyaa Kool Hai Hum,2005,Hindi,,
India's Most Wanted,2019,Hindi,123,Action
Kissebaaz,2019,Hindi,122,"Action,Comedy,Crime,Drama"
Tiku Weds Sheru,2023,Hindi,,
Dhamaka,2021,Hindi,,
Souten: The Other Woman,2006,Hindi,,
Shivaay,2016,Hindi,153,"Action,Crime,Drama"
Jackpot,2013,Hindi,,
Players,2012,Hindi,,
Gattu,2012,Hindi,,
Padmashree Laloo Prasad Yadav,2005,Hindi,,
NH-8 Road to Nidhivan,2015,Hindi,,
Do Knot Disturb,2009,Hindi,126,Comedy
My Father Iqbal,2016,Hindi,,
Satyameva Jayate 2,2021,Hindi,138,"Action,Crime"
Operation Romeo,2022,Hindi,,
Phir Se...,2018,Hindi,,
Bhoot Returns,2012,Hindi,85,"Horror,Mystery"
Wake Up Sid,2009,Hindi,138,"Comedy,Drama"
Haddi,2023,Hindi,,
Shor in the City,2011,Hindi,112,Crime
The Japanese Wife,2010,Hindi,105,Drama
Kaalakaandi,2018,Hindi,,
Chaar Din Ki Chandni,2012,Hindi,,
Babloo Happy Hai,2014,Hindi,,
Evening Shadows,2019,Hindi,,
Mummy Punjabi,2011,Hindi,,
Murder 2,2011,Hindi,127,"Action,Crime,Drama,Horror"
Ram Ki Janmabhoomi,2019,Hindi,,
Salaam Venky,2022,Hindi,137,
Chamku,2008,Hindi,105,"Action,Crime"
1920: The Evil Returns,2012,Hindi,,
Welcome Back,2015,Hindi,152,"Action,Comedy,Crime"
Satrangee Parachute,2011,Hindi,,
Banjo,2016,Hindi,137,Drama
Beehad - The Ravines,2013,Hindi,,
PK,2014,Hindi,153,"Comedy,Drama,Musical"
Good Newwz,2019,Hindi,134,Comedy
Project Marathwada,2016,Hindi,110,
B.A. Pass,2013,Hindi,95,"Crime,Drama"
Coffee with D,2017,Hindi,,
Pyaar Mein Twist,2005,Hindi,,
Dasvi,2022,Hindi,,
Ra.One,2011,Hindi,156,"Action,Sci-Fi"
Heyy Babyy,2007,Hindi,144,Comedy
Lage Raho Munna Bhai,2006,Hindi,144,"Comedy,Drama"
Humshakals,2014,Hindi,159,"Comedy,Drama"
Bank Chor,2017,Hindi,,
Partner,2007,Hindi,,
Mom,2017,Hindi,,
Veer,2010,Hindi,169,"Action,Adventure,Drama,Musical,Romance"
Sooryavanshi,2021,Hindi,145,"Action,Crime,Drama"
Khajoor Pe Atke,2018,Hindi,,
Ishqeria,2018,Hindi,,
Antardwand,2010,Hindi,,
Roohi,2021,Hindi,134,Comedy
Yuvvraaj,2008,Hindi,151,"Comedy,Drama,Musical"
Desi Kattey,2014,Hindi,,
Force,2011,Hindi,137,"Action,Crime,Drama"
Morning Raga,2005,Hindi,,
Aashayein,2010,Hindi,120,
Shaurya,2008,Hindi,149,"Crime,Drama"
Dhaakad,2022,Hindi,135,Action
Almost Pyaar with DJ Mohabbat,2023,Hindi,,
Gaslight,2023,Hindi,114,"Crime,Drama,Mystery,Romance"
Hawaizaada,2015,Hindi,,
Thoda Pyaar Thoda Magic,2008,Hindi,145,"Comedy,Drama,Family,Fantasy"
Teree Sang,2009,Hindi,,
Sukhee,2023,Hindi,139,Comedy
Happy New Year,2014,Hindi,,
Shabd,2005,Hindi,140,Drama
Masaan,2015,Hindi,109,
Prague,2013,Hindi,92,
Love Day - Pyaar Ka Din,2016,Hindi,,
Krrish,2006,Hindi,185,Action
Rang De Basanti,2006,Hindi,167,"Comedy,Crime"
Ugly,2014,Hindi,,
Being Cyrus,2006,Hindi,90,Drama
Jaane Kahan Se Aayi Hai,2010,Hindi,94,"Comedy,Drama,Fantasy"
Yun Hota Toh Kya Hota,2006,Hindi,,
Matto Ki Saikil,2022,Hindi,,
The Power,2021,Hindi,,
Chocolate,2005,Hindi,110,Action
Soni,2019,Hindi,,
Cirkus,2022,Hindi,139,Comedy
English Vinglish,2012,Hindi,134,"Comedy,Drama"
Jashnn,2009,Hindi,,
Student of the Year,2012,Hindi,146,"Comedy,Drama,Music,Romance"
Bekhudi,2021,Hindi,,
Helmet,2021,Hindi,,
Mumbai Godfather,2005,Hindi,,
Chal Chala Chal,2009,Hindi,138,"Action,Comedy,Crime"
Zindagi Jalebi,2013,Hindi,,
Hero,2015,Hindi,,
Hanuman: Da' Damdaar,2017,Hindi,,
3 Idiots,2009,Hindi,,
Mere Pyare Prime Minister,2019,Hindi,104,
Prateeksha,2006,Hindi,,
Badhaai Ho,2018,Hindi,124,Comedy
Shakal Pe Mat Ja,2011,Hindi,,
Akela The Alone,2014,Hindi,,
Dybbuk,2021,Hindi,,
Anwar,2007,Hindi,,
Jawan,2023,Hindi,169,"Action,Crime,Drama"
Badla,2019,Hindi,118,"Crime,Drama,Mystery"
The Kashmir Files,2022,Hindi,170,
Phir Hera Pheri,2006,Hindi,153,Comedy
Pappu Can't Dance Saala,2011,Hindi,,
Malamaal Weekly,2006,Hindi,137,"Comedy,Drama"
The Accidental Prime Minister,2019,Hindi,112,Biography
Motu Patlu: King of Kings,2016,Hindi,,
Khosla Ka Ghosla,2006,Hindi,,
Bhagmati,2005,Hindi,,
Not a Love Story,2011,Hindi,,
99 Songs,2021,Hindi,128,Musical
Shamitabh,2015,Hindi,155,
Teri Meri Kahaani,2012,Hindi,117,"Comedy,Drama"
Heartless,2014,Hindi,,
Paanch Ghantey Mien Paanch Crore,2012,Hindi,,
Goliyon Ki Raasleela Ram-Leela,2013,Hindi,,
Water,2005,Hindi,,
Kambakkht Ishq,2009,Hindi,142,"Action,Comedy"
Raajneeti,2010,Hindi,163,Drama
Gandhi Godse  Ek Yudh,2023,Hindi,,
Yatra,2007,Hindi,,
Zid,2014,Hindi,,
PK,2014,Hindi,153,"Comedy,Drama,Musical"
Direct Ishq,2016,Hindi,,
Chor Mandli,2005,Hindi,,
The Adventures of Sinbad,2013,Hindi,110,
The Shaukeens,2014,Hindi,,
Ghajini,2008,Hindi,186,"Action,Mystery"
Rustom,2016,Hindi,148,"Crime,Drama"
Mission Istaanbul,2008,Hindi,,
Rocketry: The Nambi Effect[c],2022,Hindi,,
Sunday,2008,Hindi,,
Mumbai Mast Kallander,2011,Hindi,,
Sukhmani: Hope for Life,2010,Hindi,,
Samrat Prithviraj,2022,Hindi,135,"Action,Drama,History"
Bunty Aur Babli,2005,Hindi,170,"Comedy,Drama"
Raaz: The Mystery Continues,2009,Hindi,151,"Horror,Mystery"
Zero,2018,Hindi,,
Hanuman,2005,Hindi,89,
Guzaarish,2010,Hindi,126,Drama
Ram Setu,2022,Hindi,,
Dhoondte Reh Jaaoge,2009,Hindi,,
"Love, Lies & Seeta",2012,Hindi,,
Staying Alive,2012,Hindi,93,"Drama,Music"
Don: The Chase Begins Again,2006,Hindi,,
Madaari,2016,Hindi,133,Drama
Jogi,2022,Hindi,,
Kaafiron Ki Namaaz,2016,Hindi,,
Coat,2023,Hindi,,
Delhii Heights,2007,Hindi,147,Drama
Bell Bottom,2021,Hindi,130,"Comedy,Drama"
Thar,2022,Hindi,,
Sanak,2021,Hindi,,
Titoo MBA,2014,Hindi,,
Bharat,2019,Hindi,150,"Action,Comedy"
Sonali Cable,2014,Hindi,127,Comedy
Judaa Hoke Bhi,2022,Hindi,,
Baat Bann Gayi,2013,Hindi,,
Dhadak,2018,Hindi,138,Drama
Pyar Ka Live Show,2014,Hindi,,
Albert Pinto Ko Gussa Kyun Aata Hai?,2019,Hindi,,
Bezubaan Ishq,2015,Hindi,,
Koi Aap Sa,2005,Hindi,,
Zanjeer,2013,Hindi,,
Umar,2006,Hindi,,
Royal Utsav[4],2009,Hindi,,
Tutak Tutak Tutiya,2016,Hindi,138,Comedy
Uunchai,2022,Hindi,173,
Non Stop Dhamaal,2023,Hindi,,
Singham Returns,2014,Hindi,142,"Action,Crime"
Matru Ki Bijlee Ka Mandola,2013,Hindi,151,Comedy
Chennai Express,2013,Hindi,141,"Action,Comedy"
Badlapur,2015,Hindi,134,"Action,Crime,Drama"
Gauri: The Unborn,2007,Hindi,98,"Drama,Horror"
Drishyam,2015,Hindi,160,"Crime,Drama,Mystery"
Phoonk 2,2010,Hindi,,
Daddy Cool,2009,Hindi,,
Dabangg 3,2019,Hindi,160,"Action,Comedy,Crime"
Commando: A One Man Army,2013,Hindi,,
Viruddh... Family Comes First,2005,Hindi,132,Drama
Jhoom Barabar Jhoom,2007,Hindi,138,"Comedy,Drama,Musical"
Jurm,2005,Hindi,,
Mohenjo Daro,2016,Hindi,155,"Action,Adventure,Drama"
Jaoon Kahan Bata Ae Dil,2019,Hindi,,
Cash,2007,Hindi,,
Chakallaspur,2017,Hindi,,
Love Sonia,2018,Hindi,122,
De Dana Dan,2009,Hindi,162,Comedy
Ek: The Power of One,2009,Hindi,140,"Action,Crime,Drama"
Bhool Bhulaiyaa 2,2022,Hindi,143,Comedy
D,2005,Hindi,,
Risknamaa,2019,Hindi,,
Kyaa Kool Hain Hum 3,2016,Hindi,124,
Sultan,2016,Hindi,170,"Action,Drama,Romance"
Rama Rama Kya Hai Dramaa?,2008,Hindi,,
Race 3,2018,Hindi,160,Action
Dedh Lakh Ka Dulha,2022,Hindi,,
The Ghazi Attack,2017,Hindi,116,"Action,Drama,Thriller"
Dear Zindagi,2016,Hindi,151,Drama
Manorama Six Feet Under,2007,Hindi,,
The Big Bull,2021,Hindi,,
Mumbai Salsa,2007,Hindi,,
Thugs of Hindostan,2018,Hindi,,
Mickey Virus,2013,Hindi,,
Boyss Toh Boyss Hain,2013,Hindi,,
Ya Rab,2014,Hindi,,
Neeyat,2023,Hindi,,
Lipstick Under My Burkha,2017,Hindi,,
Will You Marry Me?,2012,Hindi,,
Sandeep Aur Pinky Faraar,2021,Hindi,,
3 Idiots,2009,Hindi,,
Chatrapathi,2023,Hindi,,
The Fakir of Venice,2019,Hindi,,
Chal Pichchur Banate Hain,2012,Hindi,,
Ada... A Way of Life,2010,Hindi,,
2.O,2018,Hindi,,
Bhagam Bhag,2006,Hindi,,
Jodhaa Akbar,2008,Hindi,,
Gunday,2014,Hindi,,
Revolver Rani,2014,Hindi,,
8 A.M. Metro,2023,Hindi,,
Kaun Kitney Paani Mein,2015,Hindi,,
Mirza Juuliet,2017,Hindi,,
Kadak Singh,2023,Hindi,,
JD,2017,Hindi,,
Thank You for Coming,2023,Hindi,,
PM Narendra Modi,2019,Hindi,,
Bachke Rehna Re Baba,2005,Hindi,,
Deewane Huye Paagal,2005,Hindi,,
NH10,2015,Hindi,,
Shiva,2006,Hindi,,
Raees,2017,Hindi,,
Aankh Micholi,2023,Hindi,,
Yea Toh Two Much Ho Gayaa,2016,Hindi,,
Vodka Diaries,2018,Hindi,,
Tezaab â The Acid of Love[11],2005,Hindi,,
Kuchh Kariye,2010,Hindi,,
Double XL,2022,Hindi,,
David,2013,Hindi,,
7 Hours To Go,2016,Hindi,,
Yeh Khula Aasmaan,2012,Hindi,,
Lamhaa,2010,Hindi,,
Isi Life Mein...!,2010,Hindi,,
Sitam[10],2005,Hindi,,
Black Friday,2007,Hindi,,
Munna Michael,2017,Hindi,,
Rokkk,2010,Hindi,,
Kahin Hai Mera Pyar,2014,Hindi,,
Hichki,2018,Hindi,,
Soch Lo,2010,Hindi,,
Chala Mussaddi... Office Office,2011,Hindi,,
Lucky: No Time for Love,2005,Hindi,,
Mera Fauji Calling,2021,Hindi,,
Lust Stories,2018,Hindi,,
Bodyguard,2011,Hindi,,
Bumboo,2012,Hindi,,
Satya Sai Baba,2021,Hindi,,
Aashiqui 2,2013,Hindi,,
"Saheb, Biwi Aur Gangster",2011,Hindi,,
Radhe Shyam[a],2022,Hindi,,
Race 3,2018,Hindi,160,Action
Nil Battey Sannata,2016,Hindi,,
Chup: Revenge of the Artist,2022,Hindi,,
Uri: The Surgical Strike,2019,Hindi,,
One by Two,2014,Hindi,,
Commando 2,2017,Hindi,,
Sarkar Raj,2008,Hindi,,
Khiladi 786,2012,Hindi,,
Love Ka Tadka[12],2009,Hindi,,
CityLights,2014,Hindi,,
Badrinath Ki Dulhania,2017,Hindi,,
Mumbai Mirror,2013,Hindi,,
Ghazi,2017,Hindi,,
"Shahrukh Bola ""Khoobsurat Hai Tu""",2010,Hindi,,
Mother Teresa & Me,2023,Hindi,,
Loveyatri,2018,Hindi,,
Sixteen,2013,Hindi,,
Pyaar Ka Punchnama,2011,Hindi,,
Chashme Baddoor,2013,Hindi,,
Wah Taj,2016,Hindi,,
Via Darjeeling,2008,Hindi,,
Khap,2011,Hindi,,
Pusher,2010,Hindi,,
Badmashiyaan,2015,Hindi,,
Kucch Luv Jaisaa,2011,Hindi,,
Crazy Cukkad Family,2015,Hindi,,
Notebook,2019,Hindi,,
Super 30,2019,Hindi,,
Begum Jaan,2017,Hindi,,
Bullet: Ek Dhamaka,2005,Hindi,,
Mod,2011,Hindi,,
Action Replayy,2010,Hindi,,
Kabir Singh,2019,Hindi,,
Manjunath,2014,Hindi,,
Why Cheat India,2019,Hindi,,
Patel Ki Punjabi Shaadi,2017,Hindi,,
Chehraa,2005,Hindi,,
Hello,2008,Hindi,,
Barfi!,2012,Hindi,,
12th Fail,2023,Hindi,,
Bhanwarey,2017,Hindi,,
Nail Polish,2021,Hindi,,
Lafangey Parindey,2010,Hindi,,
Woh Lamhe...,2006,Hindi,,
Rangrezz,2013,Hindi,,
Ek Kahani Julie Ki,2016,Hindi,,
Daas Dev,2018,Hindi,,
Pal Pal Dil Ke Paas,2019,Hindi,,
Machine,2017,Hindi,,
Chaalis Chauraasi,2012,Hindi,,
UT69,2023,Hindi,,
Mr. Bhatti on Chutti,2012,Hindi,,
Dhoom 2,2006,Hindi,,
Hichki,2018,Hindi,,
Gulmohar,2023,Hindi,,
Music Teacher,2019,Hindi,,
Do Ajnabee,2023,Hindi,,
Garam Masala,2005,Hindi,,
EMI - Liya Hai Toh Chukana Parega,2008,Hindi,,
Don 2,2011,Hindi,,
Utthaan,2006,Hindi,,
Riyasat,2014,Hindi,,
Panchlait,2017,Hindi,,
Horror Story,2013,Hindi,,
Shaadi Karke Phas Gaya Yaar,2006,Hindi,,
Happy Husbands,2011,Hindi,,
Dishoom,2016,Hindi,,
Koi Jaane Na,2021,Hindi,,
Bhavesh Joshi Superhero,2018,Hindi,,
Mumbai Can Dance Saala,2015,Hindi,,
Deewana Main Deewana,2013,Hindi,,
Blank,2019,Hindi,,
Paan Singh Tomar,2012,Hindi,,
Mittal v/s Mittal,2010,Hindi,,
Jhund,2022,Hindi,,
Bluffmaster!,2005,Hindi,,
Sau Jhooth Ek Sach,2005,Hindi,,
Total Dhamaal,2019,Hindi,,
Saare Jahaan Se Mehnga,2013,Hindi,,
I See You,2006,Hindi,,
Aggar,2007,Hindi,,
Chhoriyan Chhoron Se Kam Nahi Hoti,2019,Hindi,,
Queen,2014,Hindi,,
Kajarya,2015,Hindi,,
Ajay Wardhan,2022,Hindi,,
Bal Ganesh,2007,Hindi,,
Kuchh Meetha Ho Jaye,2005,Hindi,,
Jaane Hoga Kya,2006,Hindi,,
Anjaana Anjaani,2010,Hindi,151,"Comedy,Drama,Musical"
Shabri,2011,Hindi,,
Bombay Talkies,2013,Hindi,,
Raabta,2017,Hindi,,
Omkara,2006,Hindi,,
Khandaani Shafakhana,2019,Hindi,,
Fox,2009,Hindi,,
Honeymoon Travels Pvt. Ltd.,2007,Hindi,,
Ahaan,2021,Hindi,,
36 China Town,2006,Hindi,,
"Saheb, Biwi Aur Gangster Returns",2013,Hindi,,
Bollywood Diaries,2016,Hindi,,
Meeruthiya Gangster,2015,Hindi,,
Rabba Main Kya Karoon,2013,Hindi,,
3 Storeys,2018,Hindi,,
Fanaa,2006,Hindi,,
"Gandhi, My Father",2007,Hindi,,
Cash,2021,Hindi,,
Sona Spa,2013,Hindi,,
Yeh Jawaani Hai Deewani,2013,Hindi,,
Bawri Chhori,2021,Hindi,,
Waiting,2015,Hindi,,
Ship of Theseus,2013,Hindi,,
Kal Kissne Dekha,2009,Hindi,,
Goodbye,2022,Hindi,,
High Jack,2018,Hindi,,
Golmaal Returns,2008,Hindi,,
Ishqedarriyaan,2015,Hindi,,
Horn 'Ok' Pleassss,2009,Hindi,,
Tanu Weds Manu,2011,Hindi,,
Water,2007,Hindi,,
Koyelaanchal,2014,Hindi,,
Great Grand Masti,2016,Hindi,,
Son Of Sardaar,2012,Hindi,,
Jaane Tu... Ya Jaane Na,2008,Hindi,,
Bombay Rose,2021,Hindi,,
Wanted,2009,Hindi,,
Sardar Ka Grandson,2021,Hindi,,
Gang of Ghosts,2014,Hindi,,
Singh Saab The Great,2013,Hindi,,
Dream Girl,2019,Hindi,,
Murari the Mad Gentleman,2016,Hindi,,
Partner,2007,Hindi,,
Jalwa - Fun in Love[6],2005,Hindi,,
Tadap,2021,Hindi,,
The Lady Killer,2023,Hindi,,
Sadda Adda,2012,Hindi,,
RK/RKay,2022,Hindi,,
Dansh,2005,Hindi,,
Jalsa,2022,Hindi,,
Gehraiyaan,2022,Hindi,,
Life is Beautiful!,2014,Hindi,,
Tango Charlie,2005,Hindi,,
Tadap,2021,Hindi,,
Bird Idol,2010,Hindi,,
Badnaam Gali,2019,Hindi,,
Aalaap,2012,Hindi,,
Chingaari,2006,Hindi,,
Deshdrohi,2008,Hindi,,
Jhootha Hi Sahi,2010,Hindi,,
Housefull,2010,Hindi,144,Comedy
Utt Pataang,2011,Hindi,,
Toilet: Ek Prem Katha,2017,Hindi,,
Bansuri: The Flute,2021,Hindi,,
Family of Thakurganj,2019,Hindi,,
Heroes,2008,Hindi,,
Luv Ka The End,2011,Hindi,,
Jo Hum Chahein,2011,Hindi,,
Apna Asmaan,2007,Hindi,,
M Cream,2016,Hindi,,
Phata Poster Nikhla Hero,2013,Hindi,,
Ki & Ka,2016,Hindi,,
Dharm,2007,Hindi,,
Nasha,2013,Hindi,,
Super K â The Movie,2011,Hindi,,
Victory,2009,Hindi,,
Bloody Daddy,2023,Hindi,,
Tu Jhoothi Main Makkaar,2023,Hindi,,
Hisss,2010,Hindi,,
Tathastu,2006,Hindi,,
Trapped,2017,Hindi,,
Shaadi No. 1,2005,Hindi,,
Life in a... Metro,2007,Hindi,,
Ajji,2017,Hindi,,
Tees Maar Khan,2010,Hindi,,
72 Hoorain,2023,Hindi,,
Golmaal 3,2010,Hindi,,
Haseen Dillruba,2021,Hindi,,
Benny and Babloo,2010,Hindi,,
Billu Barber,2009,Hindi,,
Nishabd,2007,Hindi,,
Running Shaadi,2017,Hindi,,
Rolling Dream,2015,Hindi,,
Rakta Charitra 2,2010,Hindi,,
Marjaavaan,2019,Hindi,,
I Am Kalam,2011,Hindi,,
Beyond the Clouds,2018,Hindi,,
Barfi!,2012,Hindi,,
Love Ke Funday,2016,Hindi,,
Don Muthu Swami,2008,Hindi,,
Total Siyapaa,2014,Hindi,,
Margarita with a Straw,2015,Hindi,,
Gandhi to Hitler,2011,Hindi,,
Pyaar Ka Punchnama 2,2015,Hindi,,
Sam Bahadur,2023,Hindi,,
Zed Plus,2014,Hindi,,
Blood Money,2012,Hindi,,
Ankahi Kahaniya,2021,Hindi,,
My Wife's Murder,2005,Hindi,,
A Flying Jatt,2016,Hindi,,
Firaaq,2009,Hindi,,
Rebellious Flower,2016,Hindi,,
Dhara 302,2016,Hindi,,
Chargesheet,2011,Hindi,,
Mere Khwabon Mein Jo Aaye,2009,Hindi,,
Kaafila,2007,Hindi,,
Sweetiee Weds NRI,2017,Hindi,,
Trial Period,2023,Hindi,,
Eight: The Power of Shani[2],2006,Hindi,,
Dangerous Ishq,2012,Hindi,,
"Monica, O My Darling",2022,Hindi,,
Talvar,2015,Hindi,,
Krrish 3,2013,Hindi,,
Khuda Haafiz: Chapter 2 â Agni Pariksha,2022,Hindi,,
Omerta,2018,Hindi,,
Pinky Beauty Parlour,2023,Hindi,,
Mere Jeevan Saathi,2006,Hindi,,
Ishqiya,2010,Hindi,,
Unns...Means Love,2006,Hindi,,
Don 2,2011,Hindi,,
Wedding Anniversary,2017,Hindi,,
Sankat City,2009,Hindi,,
Nawabzaade,2018,Hindi,,
Shaandaar,2015,Hindi,,
Kuttey,2023,Hindi,,
Lust Stories 2,2023,Hindi,,
Mubarakan,2017,Hindi,,
Chauhar,2017,Hindi,,
A Decent Arrangement,2014,Hindi,,
Love In Ukraine,2022,Hindi,,
Mantostaan,2017,Hindi,,
Sergeant,2023,Hindi,,
Gully Boy,2019,Hindi,,
From Sydney with Love,2012,Hindi,,
Love Ke Chakkar Mein,2006,Hindi,,
Bhediya,2022,Hindi,,
Dabangg 3,2019,Hindi,160,"Action,Comedy,Crime"
Jumbo,2008,Hindi,,
Love per Square Foot,2018,Hindi,,
My Brother... Nikhil,2005,Hindi,,
Anthony Kaun Hai?,2006,Hindi,,
Race,2008,Hindi,,
Made in China,2019,Hindi,,
Hind Ka Napak Ko Jawab: MSG Lion Heart 2,2017,Hindi,,
Hindi Medium,2017,Hindi,,
Main Krishna Hoon,2013,Hindi,,
Naam Shabana,2017,Hindi,,
Jayeshbhai Jordaar,2022,Hindi,,
Naam Gum Jaayega,2005,Hindi,,
Diwangi Ne Had Kar Di,2010,Hindi,,
International Hero,2015,Hindi,,
Taj Mahal: An Eternal Love Story,2005,Hindi,,
That Girl in Yellow Boots,2011,Hindi,,
Happy Phirr Bhag Jayegi,2018,Hindi,,
Room â The Mystery,2014,Hindi,,
Chain Kulii Ki Main Kulii,2007,Hindi,,
Life Mein Twist Hai,2014,Hindi,,
Teraa Surroor,2016,Hindi,,
Chandigarh Kare Aashiqui,2021,Hindi,,
Bhagwan Bharose,2023,Hindi,,
Dil Dosti Etc,2007,Hindi,,
Hello Zindagi,2010,Hindi,,
Mirzya,2016,Hindi,,
James,2005,Hindi,,
Tiger 3,2023,Hindi,,
Saala Khadoos,2016,Hindi,,
October,2018,Hindi,,
Tubelight,2017,Hindi,,
Red: The Dark Side,2007,Hindi,,
Jodi Breakers,2012,Hindi,,
Rabia & Olivia,2023,Hindi,,
Malaal,2019,Hindi,,
Satyagraha,2013,Hindi,,
Sheesha,2005,Hindi,,
IB71,2023,Hindi,,
Dhoom 3,2013,Hindi,,
Antim: The Final Truth,2021,Hindi,,
Zoo,2018,Hindi,,
Chhatriwali,2023,Hindi,,
Kahaani,2012,Hindi,,
Jaane Kyun De Yaaron,2018,Hindi,,
Zila Ghaziabad,2013,Hindi,,
Sons of Ram,2012,Hindi,,
Ramaiya Vastavaiya,2013,Hindi,,
Straight,2009,Hindi,,
Pyare Mohan,2006,Hindi,,
The Purvanchal Files,2023,Hindi,,
Om Shanti Om,2007,Hindi,,
What's Your Raashee?,2009,Hindi,,
Grand Masti,2013,Hindi,,
Barsaat,2005,Hindi,,
Gadar 2,2023,Hindi,,
Second Hand Husband,2015,Hindi,,
Siya,2022,Hindi,,
Kismat Love Paisa Dilli,2012,Hindi,,
Fashion,2008,Hindi,,
Fukrey Returns,2017,Hindi,,
Yahaan,2005,Hindi,,
Runway 34,2022,Hindi,,
Darling,2007,Hindi,,
Phantom,2015,Hindi,,
Judwaa 2,2017,Hindi,,
De Taali,2008,Hindi,,
Radhe,2021,Hindi,,
Lucky Kabootar,2014,Hindi,,
Tezz,2012,Hindi,,
Hukus Bukus,2023,Hindi,,
Raid,2018,Hindi,,
Sharafat Gayi Tel Lene,2015,Hindi,,
Chittagong,2012,Hindi,,
Vivah,2006,Hindi,,
Mohalla Assi,2018,Hindi,,
Sholay 3D,2014,Hindi,,
Bala,2019,Hindi,,
Ujda Chaman,2019,Hindi,,
Dee Saturday Night,2014,Hindi,,
Judgementall Hai Kya,2019,Hindi,,
The Wife,2021,Hindi,,
Bhopal: A Prayer for Rain,2014,Hindi,,
Hai Golmaal In White House,2013,Hindi,,
Phir Kabhi,2009,Hindi,,
Neal 'n' Nikki,2005,Hindi,,
Ganapath,2023,Hindi,,
Chef,2017,Hindi,,
Sarkar,2005,Hindi,,
Trahimam,2022,Hindi,,
One Two Three,2008,Hindi,,
Drive,2019,Hindi,,
Garam Masala,2005,Hindi,,
Entertainment,2014,Hindi,,
Toss,2009,Hindi,,
No Problem,2010,Hindi,,
Ramprasad Ki Tehrvi,2021,Hindi,,
Thank You,2011,Hindi,,
Baaghi,2016,Hindi,,
Topless[13],2005,Hindi,,
Chor Chor Super Chor,2013,Hindi,,
Striker,2010,Hindi,,
Black & White,2008,Hindi,,
Page 3,2005,Hindi,,
Zor Lagaa Ke...Haiya!,2009,Hindi,,
Blurr,2022,Hindi,,
Bhoothnath,2008,Hindi,,
Love Story 2050,2008,Hindi,,
2 States,2014,Hindi,,
Warning,2013,Hindi,,
Jab Tak Hai Jaan,2012,Hindi,,
Laali Ki Shaadi Mein Laaddoo Deewana,2017,Hindi,,
Sahi Dhandhe Galat Bande,2011,Hindi,,
Dirty Politics,2015,Hindi,,
Do Dooni Chaar,2010,Hindi,,
Article 15,2019,Hindi,,
The Last Act,2012,Hindi,,
Dil Toh Deewana Hai,2016,Hindi,,
Ascharyachakit!,2018,Hindi,,
Fun â Can Be Dangerous Sometimes,2005,Hindi,,
Shaadi Mein Zaroor Aana,2017,Hindi,,
BrahmÄstra: Part One â Shiva,2022,Hindi,,
Khamoshh... Khauff Ki Raat,2005,Hindi,,
Kapoor & Sons,2016,Hindi,,
Big Brother,2007,Hindi,,
Ram Setu,2022,Hindi,,
Dharam Sankat Mein,2015,Hindi,,
The Forest,2012,Hindi,,
Bob Biswas,2021,Hindi,,
Mai...,2013,Hindi,,
Yeh Saali Aashiqui,2019,Hindi,,
My Birthday Song,2018,Hindi,,
Love Breakups Zindagi,2011,Hindi,,
Lekar Hum Deewana Dil,2014,Hindi,,
Hungama 2,2021,Hindi,,
Goldfish,2023,Hindi,,
Prakash Electronic,2017,Hindi,,
Accident on Hill Road,2009,Hindi,,
The Kerala Story,2023,Hindi,,
War,2019,Hindi,,
Dulha Mil Gaya,2010,Hindi,,
Hum Chaar,2019,Hindi,,
83,2021,Hindi,,
13B,2009,Hindi,,
Krazzy 4,2008,Hindi,,
Maine Pyaar Kyun Kiya?,2005,Hindi,,
Patiala House,2011,Hindi,,
Rashtra Kavach Om,2022,Hindi,,
Break Ke Baad,2010,Hindi,,
Bachna Ae Haseeno,2008,Hindi,,
Trump Card,2010,Hindi,,
Bawaal,2023,Hindi,,
Manjhi â The Mountain Man,2015,Hindi,,
Chandni Chowk to China,2009,Hindi,,
Krishna Aur Kans,2012,Hindi,,
Bang Bang!,2014,Hindi,,
Sonchiriya,2019,Hindi,,
Ready,2011,Hindi,,
Dostana,2008,Hindi,,
Ranchi Diaries,2017,Hindi,,
Meri Pyaari Bindu,2017,Hindi,,
The Last Lear,2008,Hindi,,
Roadside Romeo,2008,Hindi,,
City of Gold,2010,Hindi,,
Meri Padosan[6],2009,Hindi,,
Cheeni Kum,2007,Hindi,,
Murder 2,2011,Hindi,127,"Action,Crime,Drama,Horror"
Rocky Aur Rani Kii Prem Kahaani,2023,Hindi,,
Bhoot Police,2021,Hindi,,
Ishq Pashmina,2022,Hindi,,
Shaapit,2010,Hindi,,
Mard Ko Dard Nahi Hota,2019,Hindi,,
Shamshera,2022,Hindi,,
Ta Ra Rum Pum,2007,Hindi,,
Silence... Can You Hear It?,2021,Hindi,,
Raaz 3: The Third Dimension,2012,Hindi,,
Dunno Y... Na Jaane Kyon,2010,Hindi,,
Ek Paheli Leela,2015,Hindi,,
Pranaam,2019,Hindi,,
Tiger 3,2023,Hindi,,
Waqt: The Race Against Time,2005,Hindi,,
Traffic Signal,2007,Hindi,,
Daawat-e-Ishq,2014,Hindi,,
Pati Patni Aur Woh,2019,Hindi,,
Vikram Vedha,2022,Hindi,,
De De Pyaar De,2019,Hindi,,
Rangeela Raja,2019,Hindi,,
Agneepath,2012,Hindi,,
Sarbjit,2016,Hindi,,
Drishyam 2,2022,Hindi,,
Sikandar,2009,Hindi,,
Ajeeb Daastaans,2021,Hindi,,
Mr. X,2015,Hindi,,
Guthlee Ladoo,2023,Hindi,,
Road To Sangam,2010,Hindi,,
Rowdy Rathore,2012,Hindi,,
The Legend of Michael Mishra,2016,Hindi,,
MSG: The Messenger,2015,Hindi,,
Aap Ki Khatir,2006,Hindi,,
Darna Zaroori Hai,2006,Hindi,,
Bhool Bhulaiyaa,2007,Hindi,,
Arjun: The Warrior Prince,2012,Hindi,,
Aa Bhi Ja O Piya,2021,Hindi,,
Aasma: The Sky Is the Limit,2009,Hindi,,
Tere Bin Laden: Dead or Alive,2016,Hindi,,
Raqeeb,2007,Hindi,,
Hasee Toh Phasee,2014,Hindi,,
Kaun Pravin Tambe?,2022,Hindi,,
Kisna: The Warrior Poet,2005,Hindi,,
Ittefaq,2017,Hindi,,
Pyaar Impossible!,2010,Hindi,,
Yeh Hai India,2019,Hindi,,
Mrs. Chatterjee vs Norway,2023,Hindi,,
Shiddat,2021,Hindi,,
Khamoshiyan,2015,Hindi,,
Dhokha: Round D Corner,2022,Hindi,,
Shorgul,2016,Hindi,,
Batti Gul Meter Chalu,2018,Hindi,,
Yakeen,2005,Hindi,,
Arjun Patiala,2019,Hindi,,
Babuji Ek Ticket Bambai,2017,Hindi,,
G Kutta Se,2017,Hindi,,
Once Upon a Time in Mumbaai,2010,Hindi,,
Dehati Disco,2022,Hindi,,
Ata Pata Laapata,2012,Hindi,,
Karle Pyaar Karle,2014,Hindi,,
Ramji Londonwale,2005,Hindi,,
Rab Ne Bana Di Jodi,2008,Hindi,,
Vishwaroopam,2013,Hindi,,
Mission Mangal,2019,Hindi,,
Main Mulayam Singh Yadav,2021,Hindi,,
Jugjugg Jeeyo,2022,Hindi,,
Santa Banta Pvt Ltd,2016,Hindi,,
Mr Ya Miss,2005,Hindi,,
Paltan,2018,Hindi,,
Kaagaz,2021,Hindi,,
Humpty Sharma Ki Dulhania,2014,Hindi,,
Daddy,2017,Hindi,,
Bholaa,2023,Hindi,,
Kajraare,2010,Hindi,,
Krishna,2006,Hindi,,
Sumeru,2021,Hindi,,
Dabangg 2,2012,Hindi,,
Ribbon,2017,Hindi,,
Baar Baar Dekho,2016,Hindi,,
Rock On 2,2016,Hindi,,
Pehli Nazar Ka Pyaar,2008,Hindi,,
B.A. Pass 3,2021,Hindi,,
Life Ki Toh Lag Gayi,2012,Hindi,,
Pad Man,2018,Hindi,,
Super Nani,2014,Hindi,,
Darran Chhoo,2023,Hindi,,
Kaminey,2009,Hindi,,
Sachin: A Billion Dreams,2017,Hindi,,
Manikarnika: The Queen of Jhansi,2019,Hindi,,
Khatta Meetha,2010,Hindi,,
Ishq Ke Parindey,2015,Hindi,,
Sakshi,2021,Hindi,,
Luck,2009,Hindi,,
Drishyam,2015,Hindi,160,"Crime,Drama,Mystery"
Alone,2015,Hindi,,
Chal Guru Ho Ja Shuru,2015,Hindi,,
Bhoothnath Returns,2014,Hindi,,
Ek Villain,2014,Hindi,,
Fukrey,2013,Hindi,,
Mashooka[7],2005,Hindi,,
It's a Man's World,2010,Hindi,,
Yours Truly,2019,Hindi,,
Joram,2023,Hindi,,
Kaho Na Kaho,2014,Hindi,,
Bodyguard,2011,Hindi,,
Maharathi,2008,Hindi,,
Gulaal,2009,Hindi,,
Humko Deewana Kar Gaye,2006,Hindi,,
Bangistan,2015,Hindi,,
5 Weddings,2018,Hindi,,
M.S. Dhoni: The Untold Story,2016,Hindi,,
Fan,2016,Hindi,138,"Action,Drama"
Hate Story,2012,Hindi,,
Jawani Diwani: A Youthful Joyride,2006,Hindi,,
Allah Ke Banday,2010,Hindi,,
Sooper Se Ooper,2013,Hindi,,
Collar Bomb,2021,Hindi,,
Teen Thay Bhai,2011,Hindi,,
Ok Jaanu,2017,Hindi,,
Half Girlfriend,2017,Hindi,,
Love Aaj Kal,2009,Hindi,,
Namastey London,2007,Hindi,128,"Comedy,Drama"
Hattrick,2007,Hindi,,
Rocky Aur Rani Kii Prem Kahaani,2023,Hindi,,
Jab We Met,2007,Hindi,,
Ra.One,2011,Hindi,156,"Action,Sci-Fi"
MLA,2012,Hindi,,
Filmistaan,2014,Hindi,,
A Gentleman,2017,Hindi,,
New York,2009,Hindi,,
Kings of Devon,2010,Hindi,,
Lahore,2010,Hindi,,
Mystery of the Tattoo,2023,Hindi,,
Ghatothkach,2008,Hindi,,
Phillauri,2017,Hindi,,
Aiyyaa,2012,Hindi,,
Ek Thi Daayan,2013,Hindi,,
Milta Hai Chance By Chance,2011,Hindi,,
Pankh,2010,Hindi,,
Chalo Dilli,2011,Hindi,,
Umrika,2016,Hindi,,
Julie 2,2017,Hindi,,
Babloo Bachelor,2021,Hindi,,
Double Dhamaal,2011,Hindi,,
Phone Bhoot,2022,Hindi,,
The Film,2005,Hindi,,
Saaho[b],2019,Hindi,,
Revati,2005,Hindi,,
Naksha,2006,Hindi,,
The Dark Secrets Of Tonhi,2014,Hindi,,
Global Baba,2016,Hindi,,
War Chhod Na Yaar,2013,Hindi,,
Azhar,2016,Hindi,,
Namaste England,2018,Hindi,,
Zokkomon,2011,Hindi,,
Dhak Dhak,2023,Hindi,,
Dhanak,2016,Hindi,,
Rocket Singh: Salesman of the Year,2009,Hindi,,
Memories in March,2011,Hindi,,
Ajab Gazabb Love,2012,Hindi,,
22 Yards,2019,Hindi,,
Deadline: Sirf 24 Ghante,2006,Hindi,,
Mumbai Saga,2021,Hindi,,
Action Jackson,2014,Hindi,,
Qissa,2015,Hindi,,
Nikamma,2022,Hindi,,
Mastram,2014,Hindi,,
Dhoom 3,2013,Hindi,,
Thodi Thodi Si Manmaaniyan,2017,Hindi,,
The Great Indian Family,2023,Hindi,,
Satyameva Jayate,2018,Hindi,,
Attack: Part 1,2022,Hindi,,
Setters,2019,Hindi,,
Lakshmi,2014,Hindi,,
Brij Mohan Amar Rahe!,2018,Hindi,,
Flat 211,2017,Hindi,,
FryDay,2018,Hindi,,
Pathaan,2023,Hindi,,
Shortcut Safari,2016,Hindi,,
Yaariyan 2,2023,Hindi,,
Qasam Se Qasam Se,2012,Hindi,,
Ishkq in Paris,2013,Hindi,,
The Girl on the Train,2021,Hindi,,
Aarakshan,2011,Hindi,,
Jaan-E-Mann,2006,Hindi,,
Quick Gun Murugun,2009,Hindi,,
Fanaa,2006,Hindi,,
Aap Kaa Surroor,2007,Hindi,,
Jolly LLB 2,2017,Hindi,,
OMG 2,2023,Hindi,,
Bombay Velvet,2015,Hindi,,
Zameer: The Fire Within,2005,Hindi,,
Tashan,2008,Hindi,,
Akaash Vani,2013,Hindi,,
Jai Gangaajal,2016,Hindi,,
Raag,2021,Hindi,,
One Night Stand,2016,Hindi,,
Saathi: The Companion,2005,Hindi,,
Chennai Express,2013,Hindi,141,"Action,Comedy"
Newton,2017,Hindi,,
Heyy Babyy,2007,Hindi,144,Comedy
Sonu Ke Titu Ki Sweety,2018,Hindi,,
Rocket Gang,2022,Hindi,,
Karwaan,2018,Hindi,,
Andhadhun,2018,Hindi,,
Once Upon A Time In Mumbaai,2010,Hindi,,
Ladki: Dragon Girl,2022,Hindi,,
Sadiyaan,2010,Hindi,,
Aloo Chaat,2009,Hindi,,
Haemolymph,2022,Hindi,,
Tum Milo Toh Sahi,2010,Hindi,,
Wedding Pullav,2015,Hindi,,
My Name Is Khan,2010,Hindi,,
Veerappan,2016,Hindi,,
Toilet: Ek Prem Katha,2017,Hindi,,
Honour Killing,2014,Hindi,,
Madam Chief Minister,2021,Hindi,,
Tere Naal Love Ho Gaya,2012,Hindi,,
Yahaan Sabki Lagi Hai,2015,Hindi,,
Welcome,2007,Hindi,,
Sui Dhaaga,2018,Hindi,,
Fugly,2014,Hindi,,
Rab Ne Bana Di Jodi,2008,Hindi,,
Kathal,2023,Hindi,,
Karam,2005,Hindi,,
Saand Ki Aankh,2019,Hindi,,
Behen Hogi Teri,2017,Hindi,,
Kudiyon Ka Hai Zamana,2006,Hindi,,
Sabki Bajegi Band,2015,Hindi,,
Asvins,2023,Tamil,,
Dhayam,2017,Tamil,,
Varnashramam,2023,Tamil,,
Aduthathu,2011,Tamil,,
Oru Mazhai Naangu Saaral,2012,Tamil,,
Azhagumagan,2018,Tamil,,
Yugam,2012,Tamil,,
Tamizh Padam 2,2018,Tamil,,
Thirumbipaar,2024,Tamil,,
Sattam Oru Iruttarai,2012,Tamil,,
Yuddham Sei,2011,Tamil,,
Don,2022,Tamil,,
Namma Veettu Pillai,2019,Tamil,,
Indian 2,2024,Tamil,,
Vaayai Moodi Pesavum,2014,Tamil,,
Thegidi,2014,Tamil,,
Thudikkuthu Pujam,2023,Tamil,,
Mannar Vagaiyara,2018,Tamil,,
Velaiilla Pattadhari 2,2017,Tamil,,
Company,2022,Tamil,,
Kadavul Paathi Mirugam Paathi,2015,Tamil,,
Raatchasi,2019,Tamil,,
Nadhi,2022,Tamil,,
Thiruttu Kalyanam,2019,Tamil,,
Pournami Nagam,2010,Tamil,,
Annanukku Jai,2018,Tamil,,
Viswasam,2019,Tamil,,
Vaa Pagandaya,2024,Tamil,,
Dharma Durai,2016,Tamil,,
Alex Pandian,2013,Tamil,,
Pagalariyaan,2024,Tamil,,
Poova Thalaiya,2011,Tamil,,
Irandu Mugam,2010,Tamil,,
Kidugu,2023,Tamil,,
Kadhalukku Kannillai,2014,Tamil,,
Ennodu Nee Irundhaal,2018,Tamil,,
Iruttu Araiyil Murattu Kuththu,2018,Tamil,,
Ponmaalai Pozhudhu,2013,Tamil,,
Pudhu Vedham,2023,Tamil,,
Tamizhuku En Ondrai Azhuthavum,2015,Tamil,,
Thiraiyin Marupakkam,2023,Tamil,,
Pithala Maathi,2024,Tamil,,
Tiruppur,2010,Tamil,,
Thee Ivan,2023,Tamil,,
Locker,2023,Tamil,,
Ethukadi Kaadhalicha,2018,Tamil,,
Vannakili Bharathi,2019,Tamil,,
Velaikkaran,2017,Tamil,,
Mazhaikaalam,2012,Tamil,,
Brindavanam,2017,Tamil,,
Neethane En Kovil,2015,Tamil,,
Chakravarthy Thirumagan,2012,Tamil,,
Kaadhal Kaalam,2017,Tamil,,
Pandigai,2017,Tamil,,
Nimidangal,2013,Tamil,,
Jada,2019,Tamil,,
Aayiram Porkaasukal,2023,Tamil,,
Panivizhum Malarvanam,2014,Tamil,,
Kotti,2010,Tamil,,
Visiri,2018,Tamil,,
Thozha,2016,Tamil,,
Karimugan,2018,Tamil,,
Raayan,2024,Tamil,,
Pachai Engira Kaathu,2012,Tamil,,
Lucky Man,2023,Tamil,,
Pannam Pathinonnum Seyum,2017,Tamil,,
Aranmanai 2,2016,Tamil,,
Uyire Uyire,2016,Tamil,,
Dhegam Sudukuthu,2015,Tamil,,
Chutti Chathan,2010,Tamil,,
Kappal,2014,Tamil,,
Kaththi Sandai,2016,Tamil,,
Kandathum Kadhal Antharangam,2013,Tamil,,
Aanthai,2024,Tamil,,
Maya Puthagam,2024,Tamil,,
Kuppan,2024,Tamil,,
Methagu 2,2022,Tamil,,
Enaku Endey Kidaiyaathu,2023,Tamil,,
Kandharvan,2014,Tamil,,
Yaanai,2022,Tamil,,
Thudikkum Karangal,2023,Tamil,,
Mathapoo,2013,Tamil,,
Perunali,2019,Tamil,,
Inga Enna Solluthu,2014,Tamil,,
Mudhal Kadhal Mazhai,2010,Tamil,,
Dharavi,2018,Tamil,,
Sorgavaasal,2024,Tamil,,
Vattara Vazhakku,2023,Tamil,,
Kurangu Kaila Poomalai,2015,Tamil,,
Amara,2014,Tamil,,
Thiru Vi Ka Poonga,2015,Tamil,,
Kayamai Kadakka,2021,Tamil,,
Koottali,2018,Tamil,,
Seethakaathi,2018,Tamil,,
Vidinja Enakku Kalyanam,2024,Tamil,,
Guardian,2024,Tamil,,
Achcham Yenbadhu Madamaiyada,2016,Tamil,,
Call Taxi,2021,Tamil,,
Love Today,2022,Tamil,,
Kaadhal Alla Adhaiyum Thaandi,2011,Tamil,,
Ullam,2012,Tamil,,
Prabha,2018,Tamil,,
Ragalaipuram,2013,Tamil,,
181,2022,Tamil,,
Semma Botha Aagathey,2018,Tamil,,
Kolai Thooram,2024,Tamil,,
Neeye En Kadhali,2011,Tamil,,
Sivi 2,2022,Tamil,,
Oh My Dog,2022,Tamil,,
Padaiveeran,2018,Tamil,,
Nanda Nanditha,2012,Tamil,,
Thittakudi,2010,Tamil,,
Netru Naan Indru Nee,2023,Tamil,,
Mo,2016,Tamil,,
Thozhar Venkatesan,2019,Tamil,,
Azhagan Azhagi,2013,Tamil,,
Attu,2017,Tamil,,
Mohana,2018,Tamil,,
Aanmeega Azhaippu,2023,Tamil,,
Oru Santhippil,2011,Tamil,,
Kaadan,2021,Tamil,,
Viruman,2022,Tamil,,
Kalvan,2024,Tamil,,
Poojai,2014,Tamil,,
Settai,2013,Tamil,,
Aanmai Thavarael,2011,Tamil,,
Shanthi Appuram Nithya,2011,Tamil,,
Malini 22 Palayamkottai,2014,Tamil,,
Boat,2024,Tamil,,
Iru Mugan,2016,Tamil,,
Dora,2017,Tamil,,
Sollitharava,2011,Tamil,,
Cinderella,2021,Tamil,,
Veera Sivaji,2016,Tamil,,
Ragasiyam,2010,Tamil,,
Kantha,2013,Tamil,,
Kadamaiyai Sei,2022,Tamil,,
Thuneri,2021,Tamil,,
Bangalore Naatkal,2016,Tamil,,
Karpavai Katrapin,2014,Tamil,,
Pagadai Pagadai,2014,Tamil,,
Marudhavelu,2011,Tamil,,
Thottupaar,2010,Tamil,,
Nandhi,2011,Tamil,,
Valayal,2019,Tamil,,
Porkkalam,2010,Tamil,,
Mohini,2018,Tamil,,
Iru Manasu,2024,Tamil,,
Sarkar,2018,Tamil,,
Vendru Varuvaan,2016,Tamil,,
Michaelpatty Raja,2021,Tamil,,
Amaran,2024,Tamil,,
License,2023,Tamil,,
Eppothum Vendran,2014,Tamil,,
Ochayee,2010,Tamil,,
Madha Yaanai Koottam,2013,Tamil,,
Gatta Kusthi,2022,Tamil,,
Goli Soda 2,2018,Tamil,,
Devi 2,2019,Tamil,,
Chaitra,2023,Tamil,,
Sanikizhamai Saayangalam 5 Mani,2010,Tamil,,
Monster,2019,Tamil,,
Madura Veeran,2018,Tamil,,
Sardar,2022,Tamil,,
Muniyandiyin Muni Paichal,2024,Tamil,,
En Ullam Unnai Theduthe,2011,Tamil,,
David,2013,Tamil,,
Kalavaadiya Pozhuthugal,2017,Tamil,,
Vithagan,2011,Tamil,,
Maaya Mohini,2017,Tamil,,
Moscowin Kavery,2010,Tamil,,
Vattakara,2022,Tamil,,
Chithira Poove,2010,Tamil,,
Samuga Valaithalam,2018,Tamil,,
RK Vellimegham,2024,Tamil,,
Nathikal Nanaivathillai,2015,Tamil,,
Maruvisaranai,2013,Tamil,,
Zero,2016,Tamil,,
Kathai Thiraikathai Vasanam Iyakkam,2014,Tamil,,
Annapoorani,2023,Tamil,,
Unakkaga En Kadhal,2010,Tamil,,
Aavi Kumar,2015,Tamil,,
Veruli,2017,Tamil,,
Payanigal Gavanikkavum,2022,Tamil,,
Ambu Naadu Ombathu Kuppam,2023,Tamil,,
Mudhal Idam,2011,Tamil,,
Unnai Thottu Kolla Vaa,2017,Tamil,,
Mundhinam Paartheney,2010,Tamil,,
Yokkiyan Varan Somba Thooki Ulla Vai,2016,Tamil,,
Kichi Kichi,2022,Tamil,,
Manguni Pandiyargal,2019,Tamil,,
Raja Magal,2023,Tamil,,
Kaaviyyan,2019,Tamil,,
Kallan,2022,Tamil,,
Super Deluxe,2019,Tamil,,
Baana Kaathadi,2010,Tamil,,
Boss Engira Bhaskaran,2010,Tamil,,
Irumbukkottai Murattu Singam,2010,Tamil,,
Sevakar,2024,Tamil,,
Chillaattaa,2021,Tamil,,
Sevili,2017,Tamil,,
Aaranin Kaaval,2011,Tamil,,
Iniya Ulavaga,2015,Tamil,,
Charles Shafiq Karthiga,2015,Tamil,,
Mercury,2018,Tamil,,
Thuppakki,2012,Tamil,,
Leelai,2012,Tamil,,
Baahubali: The Conclusion,2017,Tamil,,
One Way,2022,Tamil,,
Dha Dha 87,2019,Tamil,,
Sarithram Pesu,2015,Tamil,,
Kayavan,2013,Tamil,,
Rayar Parambarai,2023,Tamil,,
Agadam,2014,Tamil,,
Pudhiya Kaaviyam,2012,Tamil,,
Aaradi,2019,Tamil,,
Kathiyai Theetathe Buthiyai Theetu,2014,Tamil,,
Kadaikutty Singam,2018,Tamil,,
Gulaebaghavali,2018,Tamil,,
Chakra,2021,Tamil,,
Aattral,2022,Tamil,,
Kubera Rasi,2015,Tamil,,
Koottam,2023,Tamil,,
Yokkiyan,2023,Tamil,,
Racer,2023,Tamil,,
Mounika,2021,Tamil,,
Marina Puratchi,2019,Tamil,,
Kudimahaan,2023,Tamil,,
Marudhu,2016,Tamil,,
Centha,2021,Tamil,,
Chennai 600028 II,2016,Tamil,,
Kadikara Manithargal,2018,Tamil,,
Padikada Pakkangal,2024,Tamil,,
Pyaar Prema Kaadhal,2018,Tamil,,
Bale Pandiya,2010,Tamil,,
Varudangal 20,2011,Tamil,,
Thamizh Desam,2011,Tamil,,
Saamaniyan,2024,Tamil,,
Kandathum Kanathathum,2012,Tamil,,
Manam Kothi Paravai,2012,Tamil,,
Santhoshathil Kalavaram,2018,Tamil,,
Vantha Rajavathaan Varuven,2019,Tamil,,
The Boys,2024,Tamil,,
Engeyum Kadhal,2011,Tamil,,
Vellore Maavattam,2011,Tamil,,
Hey Sinamika,2022,Tamil,,
Sathya,2017,Tamil,,
Burqa,2023,Tamil,,
Patra,2015,Tamil,,
Irudhi Pakkam,2021,Tamil,,
Kadamban,2017,Tamil,,
Virudhalaam Pattu,2015,Tamil,,
Udhir @ Poomara Kathu,2024,Tamil,,
Mosadi,2019,Tamil,,
Saayam,2022,Tamil,,
Adida Melam,2016,Tamil,,
Pattampoochi,2022,Tamil,,
Paraman,2024,Tamil,,
Vetkathai Kettal Enna Tharuvai,2013,Tamil,,
Ponniyin Selvan: II,2023,Tamil,,
Konjam Konjam,2017,Tamil,,
Kanchana,2011,Tamil,,
Kaadu,2014,Tamil,,
Engada Iruthinga Ivvalavu Naala,2021,Tamil,,
Anbirkku Alavillai,2011,Tamil,,
Vithaiyadi Naanunakku,2016,Tamil,,
Vivasayi Ennum Naan,2023,Tamil,,
Odavum Mudiyadhu Oliyavum Mudiyadhu,2023,Tamil,,
Kabadi Bro,2023,Tamil,,
Lift,2021,Tamil,,
Thunikaram,2022,Tamil,,
Shot Boot Three,2023,Tamil,,
Dopamine @ 2.22,2024,Tamil,,
Nirangal Moondru,2024,Tamil,,
Kaaviya Thalaivan,2014,Tamil,,
Kabilavasthu,2019,Tamil,,
Cinema Kanavugal,2021,Tamil,,
Yemaali,2018,Tamil,,
Nesam Nesapaduthe,2013,Tamil,,
Aghavan,2019,Tamil,,
Vimanam,2023,Tamil,,
Thaandavam,2012,Tamil,,
Naai Sekar,2022,Tamil,,
Yennai Arindhaal,2015,Tamil,,
Velaiilla Pattadhari,2014,Tamil,,
Ispade Rajavum Idhaya Raniyum,2019,Tamil,,
Thuppakki Munai,2018,Tamil,,
Paisa,2016,Tamil,,
Election,2024,Tamil,,
Kannitheevu,2023,Tamil,,
Kodai,2023,Tamil,,
Sonna Pocchu,2015,Tamil,,
Ninaithathu Yaaro,2014,Tamil,,
Jango,2021,Tamil,,
Uttama Villain,2015,Tamil,,
Sadhurangam,2011,Tamil,,
Agathinai,2015,Tamil,,
Angusam,2014,Tamil,,
Ambel Jhoot,2014,Tamil,,
Karuppampatti,2013,Tamil,,
18.05.2009,2018,Tamil,,
Bloody Beggar,2024,Tamil,,
Manmadha Leelai,2022,Tamil,,
Vallakottai,2010,Tamil,,
Thoppukaranam,2022,Tamil,,
Ayalaan,2024,Tamil,,
Kavan,2017,Tamil,,
Maindhan,2014,Tamil,,
Goko Mako,2019,Tamil,,
Adanga Maru,2018,Tamil,,
Kaththi,2014,Tamil,,
Anbulla Ghilli,2022,Tamil,,
Joe,2023,Tamil,,
Irudhi Suttru,2016,Tamil,,
Arima Nambi,2014,Tamil,,
Naanga,2012,Tamil,,
Silukkuvarupatti Singam,2018,Tamil,,
Aranmanai 3,2021,Tamil,,
Trip,2021,Tamil,,
Kathiravanin Kodai Mazhai,2016,Tamil,,
Koditta Idangalai Nirappuga,2017,Tamil,,
Dhilluku Dhuddu,2016,Tamil,,
Maamannan,2023,Tamil,,
Tughlaq Durbar,2021,Tamil,,
Viswasam,2019,Tamil,,
Kattu Paya Sir Intha Kaali,2018,Tamil,,
Pechi,2024,Tamil,,
Kadaisi Bench Karthi,2017,Tamil,,
Thiraikku Vaaradha Kadhai,2016,Tamil,,
Nedunchaalai,2014,Tamil,,
Valimai,2022,Tamil,,
Kundas,2022,Tamil,,
Guhan,2016,Tamil,,
Kadathal,2023,Tamil,,
Karuppan,2017,Tamil,,
Operation Laila,2024,Tamil,,
Varnam,2011,Tamil,,
Neri,2017,Tamil,,
Margazhi Thingal,2023,Tamil,,
Kadhal Munnetra Kazhagam,2019,Tamil,,
Naruvi,2021,Tamil,,
Vinodhaya Sitham,2021,Tamil,,
Ninaivugal Azhivathillai,2013,Tamil,,
Kadhal Meipada,2011,Tamil,,
Bumper,2023,Tamil,,
Aadhalal Kadhal Seiveer,2013,Tamil,,
Anba Azhaga,2013,Tamil,,
Kaaduvetty,2024,Tamil,,
Leo,2023,Tamil,,
Sevappi,2024,Tamil,,
Kaatteri,2022,Tamil,,
Urumeen,2015,Tamil,,
Loka,2021,Tamil,,
Naalu Policeum Nalla Irundha Oorum,2015,Tamil,,
Nandhi Varman,2023,Tamil,,
Mission: Chapter 1,2024,Tamil,,
03:33,2021,Tamil,,
Pirivadhillai,2019,Tamil,,
Koyambedu Perundhu Nilayam,2012,Tamil,,
Kadampari,2021,Tamil,,
Pottu,2019,Tamil,,
Kadhal Pisase,2012,Tamil,,
Manitha Kadhal Alla,2015,Tamil,,
Maryan,2013,Tamil,,
Idam Porul Aavi,2017,Tamil,,
Thiruvin Kural,2023,Tamil,,
Rajakili,2024,Tamil,,
Inaiya Thalaimurai,2016,Tamil,,
Abhiyum Anuvum,2018,Tamil,,
Saattai,2012,Tamil,,
Naduvula Konjam Pakkatha Kaanom,2012,Tamil,,
Annadurai,2017,Tamil,,
Bhaskar Oru Rascal,2018,Tamil,,
K-13,2019,Tamil,,
Ponniyin Selvan: II,2023,Tamil,,
Vachathi,2012,Tamil,,
Kabali,2016,Tamil,,
Iru Kadhal Oru Kadhai,2015,Tamil,,
Theeran Adhigaaram Ondru,2017,Tamil,,
Pasanga 2,2015,Tamil,,
Miss Pannidatheenga Appuram Varuthapaduveenga,2015,Tamil,,
Raaga Thaalangal,2018,Tamil,,
Nibunan,2017,Tamil,,
Kuttrame Thandanai,2016,Tamil,,
Kadaisi Ulaga Por,2024,Tamil,,
Yevan,2023,Tamil,,
Rudhran,2023,Tamil,,
Asuravadham,2018,Tamil,,
Veetla Vishesham,2022,Tamil,,
Narathan,2016,Tamil,,
Ulkuthu,2017,Tamil,,
Rettai Kathir,2014,Tamil,,
Seema Raja,2018,Tamil,,
Saavi,2018,Tamil,,
Ramanujan,2014,Tamil,,
Panduvam,2014,Tamil,,
Annabelle Sethupathi,2021,Tamil,,
Pizza,2012,Tamil,,
Chennai 2 Bangkok,2019,Tamil,,
Rettai Vaalu,2014,Tamil,,
Naan Yaar,2016,Tamil,,
Petta Rap,2024,Tamil,,
Ravana Desam,2013,Tamil,,
Sillu Vandugal,2021,Tamil,,
Eppodhum Raja,2024,Tamil,,
Dhoni Kabadi Kuzhu,2018,Tamil,,
Chithirai Sevvaanam,2021,Tamil,,
Asuran,2019,Tamil,,
Dr. 56[e],2022,Tamil,,
Vu,2014,Tamil,,
Akku,2023,Tamil,,
Arakkonam,2012,Tamil,,
Enjoy,2022,Tamil,,
Mayilanji,2023,Tamil,,
Anaagarigam,2011,Tamil,,
Vidayutham,2016,Tamil,,
Vil Ambu,2016,Tamil,,
Kallathoni,2016,Tamil,,
Kanaga Durga,2016,Tamil,,
Peikku Kalyanam,2023,Tamil,,
7 Naatkal,2017,Tamil,,
Keeripulla,2013,Tamil,,
Yamuna,2013,Tamil,,
Vaadaa,2010,Tamil,,
Vaigai Express,2017,Tamil,,
Thappu,2011,Tamil,,
Uchathula Shiva,2016,Tamil,,
Hot Spot,2024,Tamil,,
Neethana Avan,2010,Tamil,,
Selfie,2022,Tamil,,
Bayam Oru Payanam,2016,Tamil,,
Kattappava Kanom,2017,Tamil,,
Kanchana 2,2015,Tamil,,
Paatti,2013,Tamil,,
Capmaari,2019,Tamil,,
Chandramukhi 2,2023,Tamil,,
Thittivasal,2017,Tamil,,
Kazhuvethi Moorkkan,2023,Tamil,,
Innisai Kavalan,2010,Tamil,,
Naduvan,2021,Tamil,,
Vajram,2015,Tamil,,
Pudhumugangal Thevai,2012,Tamil,,
Sankarankovil,2011,Tamil,,
Rukku,2017,Tamil,,
Kalla Parunthu,2012,Tamil,,
White Rose,2024,Tamil,,
Meiyazhagan,2024,Tamil,,
Strawberry,2015,Tamil,,
Ameerin Aadhi-Bhagavan,2013,Tamil,,
Meaghamann,2014,Tamil,,
Onaayum Aattukkuttiyum,2013,Tamil,,
50 Roova,2019,Tamil,,
Sarpatta Parambarai,2021,Tamil,,
Padai Soozha,2011,Tamil,,
Kollaikaran,2012,Tamil,,
Kumara,2011,Tamil,,
Sivaranjiniyum Innum Sila Pengalum,2021,Tamil,,
Theedhum Soodhum Endhan Mugavari,2023,Tamil,,
Appathava Aattaya Pottutanga,2021,Tamil,,
Theru Naaigal,2017,Tamil,,
Sri Sabari Ayyappan,2023,Tamil,,
Takkar,2023,Tamil,,
Mangai Maanvizhi Ambugal,2018,Tamil,,
Rajapattai,2011,Tamil,,
Ninaivellam Neeyada,2024,Tamil,,
Mangalapuram,2017,Tamil,,
Savarikkadu,2017,Tamil,,
Kaala,2018,Tamil,,
Osthe,2011,Tamil,,
Ulagammai,2023,Tamil,,
Laththi,2022,Tamil,,
Calls,2021,Tamil,,
Thirunaal,2016,Tamil,,
Mark Antony,2023,Tamil,,
Gulu Gulu,2022,Tamil,,
Paayum Oli Nee Yenakku,2023,Tamil,,
Baba Black Sheep,2023,Tamil,,
Kadhal Enakku Romba Pidikkum,2018,Tamil,,
Aramm,2017,Tamil,,
80s Buildup,2023,Tamil,,
I,2015,Tamil,,
Viruthachalam,2017,Tamil,,
Enkitta Mothathe,2017,Tamil,,
Nila Meedhu Kadhal,2013,Tamil,,
Web,2023,Tamil,,
Naangellam Edagoodum,2014,Tamil,,
Solla Matten,2013,Tamil,,
Onaaigal Jakkiradhai,2018,Tamil,,
Megha,2014,Tamil,,
Chennai 2 Singapore,2017,Tamil,,
Traffic Ramasamy,2018,Tamil,,
Writer,2021,Tamil,,
Chithiram Pesuthadi 2,2019,Tamil,,
Padam Parthu Kadhai Sol,2012,Tamil,,
Pragamiyam,2017,Tamil,,
Beast,2022,Tamil,,
Aindhaam Thalaimurai Sidha Vaidhiya Sigamani,2014,Tamil,,
Theethum Nandrum,2021,Tamil,,
Muthal Manavan,2014,Tamil,,
Anjaan,2014,Tamil,,
Virudhagiri,2010,Tamil,,
Nanjupuram,2011,Tamil,,
Settaikkaranga,2019,Tamil,,
Vaandu,2019,Tamil,,
96,2018,Tamil,,
Anbulla Manvizhiye,2012,Tamil,,
Maharani Kottai,2015,Tamil,,
Kannakkol,2018,Tamil,,
Kadhalicha Thappa,2022,Tamil,,
Thodraa,2018,Tamil,,
Nugam,2013,Tamil,,
Adithya Varma,2019,Tamil,,
Igloo,2019,Tamil,,
Chinnanjiru Kiliye,2021,Tamil,,
Theerkadarishi,2023,Tamil,,
Thirumanam,2019,Tamil,,
Imai,2017,Tamil,,
Jailer,2023,Tamil,,
Neethaane En Ponvasantham,2012,Tamil,,
Nanban,2012,Tamil,,
Uriyadi,2016,Tamil,,
Miss You,2024,Tamil,,
Iyakkunar,2015,Tamil,,
Naanum Oru Azhagi,2024,Tamil,,
Raayan,2024,Tamil,,
Boomer Uncle,2024,Tamil,,
Aangal Jakiradhai,2021,Tamil,,
Medai,2018,Tamil,,
Muthu Nagaram,2013,Tamil,,
Ennamo Nadakkudhu,2014,Tamil,,
Vishwaroopam,2013,Tamil,,
Maanaadu,2021,Tamil,,
Maalai Pozhudhin Mayakathilaey,2012,Tamil,,
Dada,2023,Tamil,,
Nadodi Paravai,2014,Tamil,,
Miriam Maa,2023,Tamil,,
Muran,2011,Tamil,,
Sagakkal,2011,Tamil,,
Sundarapandian,2012,Tamil,,
AGP Schizophrenia,2022,Tamil,,
Mynaa,2010,Tamil,,
Kolanji,2019,Tamil,,
O Kadhal Kanmani,2015,Tamil,,
Chithirai Thingal,2014,Tamil,,
Vandae Maatharam,2010,Tamil,,
Lineman,2024,Tamil,,
Virudhu,2019,Tamil,,
Ilai,2017,Tamil,,
Nagesh Thiraiyarangam,2018,Tamil,,
Thalaivan,2014,Tamil,,
Oru Mugathirai,2017,Tamil,,
Madrasapattinam,2010,Tamil,,
Karthikeyanum Kaanamal Pona Kadhaliyum,2018,Tamil,,
Paiyaa,2010,Tamil,,
Aranam,2024,Tamil,,
Aravaan,2012,Tamil,,
Ambuli,2012,Tamil,,
Palakkattu Madhavan,2015,Tamil,,
Amutha,2018,Tamil,,
Kuzhali,2022,Tamil,,
Siddu +2,2010,Tamil,,
Andaman,2016,Tamil,,
Thalaimuraigal,2013,Tamil,,
Idhayam Thiraiarangam,2012,Tamil,,
Vilai,2010,Tamil,,
En 6 Vaathiyaar Kaalpanthatta Kuzhu,2023,Tamil,,
Chennaiyil Oru Naal 2,2017,Tamil,,
Sokkali,2013,Tamil,,
Santharpam,2022,Tamil,,
Soozhnilai,2012,Tamil,,
Thanimai,2019,Tamil,,
Thalaikkavasamum 4 Nanbargalum,2023,Tamil,,
Sivappu Manjal Pachai,2019,Tamil,,
Pattu Vanna Rosavam,2010,Tamil,,
Bell,2023,Tamil,,
Sutta Pazham Sudatha Pazham,2016,Tamil,,
Marumunai,2014,Tamil,,
Kallattam,2016,Tamil,,
Vettaiyan,2024,Tamil,,
Tea Kadai Raja,2016,Tamil,,
Romeo Juliet,2015,Tamil,,
Arimapatti Sakthivel,2024,Tamil,,
Vallavanukkum Vallavan,2023,Tamil,,
Aandavan Kattalai,2016,Tamil,,
Poraali,2011,Tamil,,
Naalu Peruku Nalladhuna Edhuvum Thappilla,2017,Tamil,,
Yutha Satham,2022,Tamil,,
Lathika,2011,Tamil,,
College Road,2022,Tamil,,
House Owner,2019,Tamil,,
Kandaen,2011,Tamil,,
Oru Kanniyum Moonu Kalavaanikalum,2014,Tamil,,
Mankatha,2011,Tamil,,
Kanden Unnai Thanthen Ennai,2022,Tamil,,
Kaayam,2021,Tamil,,
Kadaikutty Singam,2018,Tamil,,
Naan Sigappu Manithan,2014,Tamil,,
Vellikizhamai 13am Thethi,2016,Tamil,,
Kaadhal Enbadhu Podhu Udamai,2023,Tamil,,
Partner,2023,Tamil,,
