Title,Year,Language,Genre,Release date (India),Runtime(mins),Banner,Director,Cast
Avengers: Infinity War,2018,English,"Adventure, Action",27-04-2018,149,Marvel Studios,"Joe Russo, Anthony Russo","Robert Downey Jr., Chris Evans"
Incredibles 2,2018,English,"Action, Adventure",22-06-2018,118,Pixar,Brad Bird,"Craig T. Nelson, Holly Hunter"
Spider-Man: Into the Spider-Verse,2018,English,"Animation, Action",14-12-2018,117,"Columbia Pictures, Lord Miller","Bob Persichetti, Peter Ramsey","Shameik Moore, Jake Johnson"
Venom,2018,English,"Sci-Fi, Action",05-10-2018,112,"Matt Tolmach Productions, Pascal Pictures",Ruben Fleischer,"Tom Hardy, Michelle Williams"
Ready Player One,2018,English,"Adventure, Action",30-03-2018,140,"Amblin Entertainment, Warner Bros. Pictures",Steven Spielberg,"Tye Sheridan, Olivia Cooke"
Black Panther,2018,English,"Action, Adventure",16-02-2018,135,Marvel Studios,Ryan Coogler,"Chadwick Boseman, Michael B. Jordan"
Jurassic World: Fallen Kingdom,2018,English,"Action, Adventure",08-06-2018,129,"Amblin Entertainment, Universal Pictures",J.A. Bayona,"Chris Pratt, Bryce Dallas Howard"
Hereditary,2018,English,Thriller,21-06-2018,128,"PalmStar Media, Pulse Films",Ari Aster,"Toni Collette, Alex Wolff"
Halloween,2018,English,Thriller,18-10-2018,106,"Universal Pictures, Blumhouse Productions",David Gordon Green,"Jamie Lee Curtis, Judy Greer"
Mission: Impossible - Fallout,2018,English,"Action, Adventure",27-07-2018,147,"Paramount Pictures, Bad Robot",Christopher McQuarrie,"Tom Cruise, Henry Cavill"
Terrifier,2018,English,Thriller,25-01-2018,84,Dark Age Cinema,Damien Leone,"David Howard Thornton, Jenna Kanell"
Deadpool 2,2018,English,"Action, Adventure",18-05-2018,120,"Maximum Effort, Genre Films",David Leitch,"Ryan Reynolds, Josh Brolin"
The Grinch,2018,English,Animation,08-11-2018,85,"Illumination, Dr. Seuss Enterprises","Yarrow Cheney, Scott Mosier","Benedict Cumberbatch, Rashida Jones"
Maze Runner: The Death Cure,2018,English,"Sci-Fi, Action",09-02-2018,143,"The Gotham Group, Temple Hill Entertainment",Wes Ball,"Dylan O'Brien, Kaya Scodelario"
A Quiet Place,2018,English,Sci-Fi,06-05-2018,91,"Paramount Pictures, Platinum Dunes",John Krasinski,"Emily Blunt, John Krasinski"
The Predator,2018,English,"Sci-Fi, Action",05-09-2018,107,"Davis Entertainment, TSG Entertainment",Shane Black,"Boyd Holbrook, Trevante Rhodes"
The Meg,2018,English,"Action, Sci-Fi",10-08-2018,113,"Apelles Entertainment, Gravity Pictures",Jon Turteltaub,"Jason Statham, Li Bingbing"
Ocean's Eight,2018,English,Action,22-06-2018,111,"Village Roadshow Pictures, Warner Bros. Pictures",Gary Ross,"Sandra Bullock, Cate Blanchett"
The First Purge,2018,English,"Action, Thriller",04-07-2018,97,"Platinum Dunes, Blumhouse Productions",Gerard McMurray,"Y'lan Noel, Lex Scott Davis"
Hotel Transylvania 3: Summer Vacation,2018,English,"Animation, Fantasy",28-06-2018,97,"Columbia Pictures, Sony Pictures Animation",Genndy Tartakovsky,"Adam Sandler, Andy Samberg"
Aquaman,2018,English,"Action, Adventure",14-12-2018,143,"Warner Bros. Pictures, The Safran Company",James Wan,"Jason Momoa, Amber Heard"
Pacific Rim: Uprising,2018,English,"Action, Fantasy",28-03-2018,111,"Legendary Pictures, Double Dare You",Steven S. DeKnight,"John Boyega, Scott Eastwood"
Tomb Raider,2018,English,"Action, Adventure",16-03-2018,118,"Square Enix, GK Films",Roar Uthaug,"Alicia Vikander, Dominic West"
Ralph Breaks the Internet,2018,English,"Animation, Adventure",23-11-2018,112,Walt Disney Animation Studios,"Phil Johnston, Rich Moore","John C. Reilly, Sarah Silverman"
Sicario: Day of the Soldado,2018,English,"Action, Thriller",27-06-2018,122,"Thunder Road, Black Label Media",Stefano Sollima,"Benicio del Toro, Josh Brolin"
Hunter Killer,2018,English,"Action, Adventure",19-10-2018,121,"Original Film, G-BASE",Donovan Marsh,"Gerard Butler, Gary Oldman"
The Equalizer 2,2018,English,"Action, Thriller",19-07-2018,121,"Lonetree Entertainment, Fuqua Films",Antoine Fuqua,"Denzel Washington, Pedro Pascal"
Upgrade,2018,English,"Action, Thriller",31-05-2018,100,"Goalpost Pictures, Automatik Entertainment",Leigh Whannell,"Logan Marshall-Green, Betty Gabriel"
Creed II,2018,English,Action,21-11-2018,130,"Metro-Goldwyn-Mayer, New Line Cinema",Steven Caple Jr.,"Michael B. Jordan, Sylvester Stallone"
Bird Box,2018,English,Thriller,13-12-2018,124,"Bluegrass Films, Chris Morgan Productions",Susanne Bier,"Sandra Bullock, Trevante Rhodes"
Annihilation,2018,English,Sci-Fi,23-02-2018,115,"Paramount Pictures, Skydance Media",Alex Garland,"Natalie Portman, Jennifer Jason Leigh"
Ant-Man and the Wasp,2018,English,"Action, Adventure",13-07-2018,119,Marvel Studios,Peyton Reed,"Paul Rudd, Evangeline Lilly"
Alpha,2018,English,Adventure,24-08-2018,97,"Studio 8, Columbia Pictures",Albert Hughes,"Kodi Smit-McPhee, Jóhannes Haukur Jóhannesson"
Peppermint,2018,English,"Action, Thriller",06-09-2018,102,"STXfilms, Lakeshore Entertainment",Pierre Morel,"Jennifer Garner, John Gallagher Jr."
What Keeps You Alive,2018,English,Thriller,24-08-2018,99,Digital Interference Productions,Colin Minihan,"Hannah Emily Anderson, Brittany Allen"
The Strangers: Prey at Night,2018,English,Thriller,16-03-2018,86,"Aviron Pictures, White Comet Films",Johannes Roberts,"Bailee Madison, Christina Hendricks"
Den of Thieves,2018,English,"Action, Thriller",02-02-2018,140,"Atmosphere Entertainment MM, Diamond Film Productions",Christian Gudegast,"Gerard Butler, Pablo Schreiber"
The House That Jack Built,2018,English,Thriller,05-07-2018,152,"Zentropa Entertainments, Copenhagen Film Fund",Lars von Trier,"Matt Dillon, Bruno Ganz"
Isle of Dogs,2018,English,"Adventure, Animation",06-07-2018,101,"Studio Babelsberg, American Empirical Pictures",Wes Anderson,"Bryan Cranston, Koyu Rankin"
Redcon-1,2018,English,"Action, Sci-Fi",07-09-2018,117,Apocalypse Pictures,Chee Keong Cheung,"Oris Erhuero, Carlos Gallardo"
Rampage,2018,English,"Action, Adventure",13-04-2018,107,"Wrigley Pictures, New Line Cinema",Brad Peyton,"Dwayne Johnson, Naomie Harris"
Dystopia,2018,English,Sci-Fi,02-01-2018,97,Runaway Features,Paul Tanter,"Michael Copon, Sheena Colette"
Goosebumps 2: Haunted Halloween,2018,English,Fantasy,11-10-2018,90,"Columbia Pictures, Original Film",Ari Sandel,"Jeremy Ray Taylor, Madison Iseman"
The Nutcracker and the Four Realms,2018,English,"Fantasy, Adventure",26-10-2018,99,"Walt Disney Pictures, The Mark Gordon Company","Lasse Hallström, Joe Johnston","Mackenzie Foy, Jayden Fowora-Knight"
The Lost Viking,2018,English,"Action, Adventure",28-05-2018,103,Tornado Studios,Emmet Cummins,"Dean Ridge, Ross O'Hennessy"
Red Sparrow,2018,English,Thriller,02-03-2018,140,"Chernin Entertainment, 20th Century Fox",Francis Lawrence,"Jennifer Lawrence, Joel Edgerton"
Mile 22,2018,English,"Action, Thriller",24-08-2018,94,"STXfilms, Closest to the Hole Productions",Peter Berg,"Mark Wahlberg, Lauren Cohan"
City of Lies,2018,English,Thriller,06-09-2018,112,"Infinitum Nihil, Romulus Entertainment",Brad Furman,"Johnny Depp, Forest Whitaker"
Truth or Dare,2018,English,Thriller,12-04-2018,101,Blumhouse Productions,Jeff Wadlow,"Lucy Hale, Violett Beane"
Insidious: The Last Key,2018,English,Thriller,03-01-2018,103,"Stage 6 Films, Blumhouse Productions",Adam Robitel,"Lin Shaye, Leigh Whannell"
Sorry to Bother You,2018,English,"Fantasy, Sci-Fi",06-07-2018,112,"Cinereach, Significant Productions",Boots Riley,"LaKeith Stanfield, Tessa Thompson"
Robin Hood,2018,English,"Adventure, Action",03-11-2018,116,"Appian Way, Safehouse Pictures",Otto Bathurst,"Taron Egerton, Jamie Foxx"
Overlord,2018,English,Sci-Fi,01-11-2018,110,"Bad Robot, Paramount Pictures",Julius Avery,"Jovan Adepo, Wyatt Russell"
Braven,2018,English,"Action, Thriller",01-02-2018,94,"Pride of Gypsies, Tinker Productions",Lin Oeding,"Jason Momoa, Stephen Lang"
Bumblebee,2018,English,"Action, Adventure",04-01-2019,113,"Paramount Pictures, Allspark Pictures",Travis Knight,"Dylan O'Brien, Hailee Steinfeld"
Laboratory Conditions,2018,English,Sci-Fi,13-10-2018,16,Joe Russell Productions,Jocelyn Stamat,"Marisa Tomei, Minnie Driver"
Johnny English Strikes Again,2018,English,"Action, Adventure",13-09-2018,89,"Working Title Films, Working Title Films",David Kerr,"Rowan Atkinson, Olga Kurylenko"
The Cloverfield Paradox,2018,English,"Thriller, Sci-Fi",04-02-2018,102,"Paramount Pictures, Bad Robot",Julius Onah,"Gugu Mbatha-Raw, Daniel Brühl"
Early Man,2018,English,"Animation, Adventure",26-01-2018,89,"StudioCanal, Aardman",Nick Park,"Eddie Redmayne, Tom Hiddleston"
6-Headed Shark Attack,2018,English,"Action, Sci-Fi",18-08-2018,89,The Asylum,Mark Atkins,"Brandon Auret, Thandi Sebe"
The Darkest Minds,2018,English,"Action, Adventure",25-07-2018,105,"21 Laps Entertainment, 20th Century Fox",Jennifer Yuh Nelson,"Amandla Stenberg, Harris Dickinson"
A Mother's Worst Fear,2018,English,Thriller,06-10-2018,90,Dawn's Light,Jared Cohn,"Katrina Begin, Joey Lawrence"
The Girl in the Spider's Web,2018,English,"Action, Thriller",25-10-2018,115,"Columbia Pictures, Metro-Goldwyn-Mayer",Fede Álvarez,"Claire Foy, Sverrir Gudnason"
Mowgli: Legend of the Jungle,2018,English,Adventure,25-11-2018,105,"The Imaginarium, Warner Bros. Pictures",Andy Serkis,"Rohan Chand, Christian Bale"
An Elephant's Journey,2018,English,Adventure,16-04-2018,87,"Enigma Pictures, Northern Light & Colour",Richard Boddington,"Elizabeth Hurley, Sam Ashe Arnold"
Delirium,2018,English,Thriller,10-05-2018,96,"Appian Way, Blumhouse Productions",Dennis Iliadis,"Topher Grace, Kelli Barksdale"
Suicide Squad: Hell to Pay,2018,English,"Sci-Fi, Action",23-03-2018,86,"DC Entertainment, Warner Bros. Animation",Sam Liu,"Christian Slater, Tara Strong"
LEGO DC Comics Super Heroes: Aquaman - Rage of Atlantis,2018,English,"Animation, Action",21-12-2018,77,"Warner Bros. Animation, DC Entertainment",Matt Peters,"Dee Bradley Baker, Susan Eisenberg"
Ghostland,2018,English,Thriller,14-03-2018,91,"Mars Films, 5656 Films",Pascal Laugier,"Crystal Reed, Mylène Farmer"
Solo: A Star Wars Story,2018,English,"Sci-Fi, Adventure",15-05-2018,135,Lucasfilm Ltd.,Ron Howard,"Alden Ehrenreich, Joonas Suotamo"
Death Wish,2018,English,"Action, Thriller",02-03-2018,107,"Metro-Goldwyn-Mayer, Cave 76 Productions",Eli Roth,"Bruce Willis, Vincent D'Onofrio"
12 Feet Deep,2018,English,Thriller,08-11-2018,85,Citizen Skull Productions,Matt Eskandari,"Nora-Jane Noone, Alexandra Park"
Fantastic Beasts: The Crimes of Grindelwald,2018,English,"Fantasy, Adventure",16-11-2018,134,"Warner Bros. Pictures, Heyday Films",David Yates,"Eddie Redmayne, Katherine Waterston"
Axemas 2: Blood Slay,2018,English,Action,28-01-2018,34,Dark Park Films,John Ward,"Ashley Campbell, Drew Marvick"
Bad Samaritan,2018,English,Thriller,19-04-2018,111,"Electric Entertainment, Global Pictures Media",Dean Devlin,"David Tennant, Robert Sheehan"
Accident Man,2018,English,"Action, Thriller",06-02-2018,101,"LINK Entertainment, Six Demon Films",Jesse V. Johnson,"Scott Adkins, Ray Stevenson"
Mortal Engines,2018,English,"Adventure, Sci-Fi",27-11-2018,128,"Scholastic Productions, Silvertongue Films",Christian Rivers,"Hera Hilmar, Robert Sheehan"
Kin,2018,English,"Sci-Fi, Action",29-08-2018,102,"21 Laps Entertainment, No Trace Camping","Josh Baker, Jonathan Baker","Myles Truitt, Jack Reynor"
Widows,2018,English,Thriller,06-11-2018,129,"20th Century Fox, Regency Enterprises",Steve McQueen,"Viola Davis, Michelle Rodriguez"
Prescription for Danger,2018,English,Thriller,01-02-2018,94,Incendo Productions,Caroline Labrèche,"Joanne Kelly, Shaun Benson"
Terminal,2018,English,"Thriller, Action",11-05-2018,95,"LuckyChap Entertainment, Beagle Pug Films",Vaughn Stein,"Margot Robbie, Simon Pegg"
Death Race: Beyond Anarchy,2018,English,"Action, Thriller",02-10-2018,111,"Capital Arts Entertainment, UFO International Productions",Don Michael Paul,"Danny Trejo, Zach McGowan"
The Titan,2018,English,"Sci-Fi, Thriller",30-03-2018,97,"42, The Amel Company",Lennart Ruff,"Sam Worthington, Taylor Schilling"
Destined to Ride,2018,English,Adventure,01-08-2018,90,Taylor & Dodge,Anna Elizabeth James,"Madeline Carroll, Denise Richards"
Edge of Isolation,2018,English,Thriller,20-04-2018,90,Violet State Productions,Jeff Houkal,"Michael Marcel, Marem Hassler"
The Last Man,2018,English,"Sci-Fi, Action",06-09-2018,101,"Cinema 7 Films, Aicon Music Pictures",Rodrigo H. Vila,"Hayden Christensen, Harvey Keitel"
It Chapter Two,2019,English,Thriller,06-09-2019,169,"New Line Cinema, Vertigo Entertainment",Andy Muschietti,"Bill Skarsgård, James McAvoy"
Avengement,2019,English,Action,24-05-2019,88,"Compound B, Dreamstage Films",Jesse V. Johnson,"Scott Adkins, Craig Fairbrass"
Spider-Man: Far From Home,2019,English,"Action, Adventure",04-07-2019,129,"Marvel Studios, Pascal Pictures",Jon Watts,"Tom Holland, Jake Gyllenhaal"
Avengers: Endgame,2019,English,"Adventure, Sci-Fi",26-04-2019,181,Marvel Studios,"Anthony Russo, Joe Russo","Robert Downey Jr., Chris Evans"
Joker,2019,English,Thriller,02-10-2019,122,"Warner Bros. Pictures, Joint Effort",Todd Phillips,"Joaquin Phoenix, Robert De Niro"
John Wick: Chapter 3 - Parabellum,2019,English,"Action, Thriller",17-05-2019,131,"Thunder Road, Lionsgate",Chad Stahelski,"Keanu Reeves, Halle Berry"
How to Train Your Dragon: The Hidden World,2019,English,"Animation, Adventure",21-03-2019,104,"DreamWorks Animation, Mad Hatter Entertainment",Dean DeBlois,"Jay Baruchel, America Ferrera"
Once Upon a Time... in Hollywood,2019,English,Thriller,26-07-2019,162,"Heyday Films, Columbia Pictures",Quentin Tarantino,"Leonardo DiCaprio, Brad Pitt"
Jumanji: The Next Level,2019,English,"Adventure, Fantasy",13-12-2019,123,"Columbia Pictures, Seven Bucks Productions",Jake Kasdan,"Dwayne Johnson, Kevin Hart"
Fast & Furious Presents: Hobbs & Shaw,2019,English,"Action, Adventure",31-07-2019,137,"Chris Morgan Productions, Seven Bucks Productions",David Leitch,"Dwayne Johnson, Jason Statham"
The Lion King,2019,English,"Adventure, Animation",19-07-2019,118,"Walt Disney Pictures, Fairview Entertainment",Jon Favreau,"Chiwetel Ejiofor, John Oliver"
Frozen II,2019,English,"Animation, Adventure",20-11-2019,103,Walt Disney Animation Studios,"Jennifer Lee, Chris Buck","Idina Menzel, Kristen Bell"
Godzilla: King of the Monsters,2019,English,"Sci-Fi, Action",30-05-2019,132,"Legendary Pictures, Huahua Media",Michael Dougherty,"Kyle Chandler, Vera Farmiga"
Toy Story 4,2019,English,"Animation, Adventure",21-06-2019,100,Pixar,Josh Cooley,"Tom Hanks, Tim Allen"
Polar,2019,English,Action,25-01-2019,118,"Dark Horse Entertainment, Constantin Film",Jonas Åkerlund,"Mads Mikkelsen, Vanessa Hudgens"
Star Wars: The Rise of Skywalker,2019,English,"Adventure, Action",18-12-2019,142,"Lucasfilm Ltd., Bad Robot",J.J. Abrams,"Carrie Fisher, Mark Hamill"
Zombieland: Double Tap,2019,English,Action,09-10-2019,99,"Columbia Pictures, 2.0 Entertainment",Ruben Fleischer,"Woody Harrelson, Jesse Eisenberg"
Angel Has Fallen,2019,English,"Action, Thriller",21-08-2019,122,"Campbell Grobman Films, Eclectic Pictures",Ric Roman Waugh,"Gerard Butler, Morgan Freeman"
The Addams Family,2019,English,"Animation, Fantasy",10-10-2019,87,"Cinesite Animation, Nitrogen Studios Canada","Conrad Vernon, Greg Tiernan","Oscar Isaac, Charlize Theron"
1917,2019,English,Action,17-01-2020,119,"DreamWorks Pictures, Reliance Entertainment",Sam Mendes,"George MacKay, Dean-Charles Chapman"
Ford v Ferrari,2019,English,Action,15-11-2019,153,"20th Century Fox, TSG Entertainment",James Mangold,"Matt Damon, Christian Bale"
Dark Phoenix,2019,English,"Sci-Fi, Action",05-06-2019,114,"Genre Films, Hutch Parker Entertainment",Simon Kinberg,"Sophie Turner, James McAvoy"
Alita: Battle Angel,2019,English,"Action, Sci-Fi",08-02-2019,122,"Troublemaker Studios, Lightstorm Entertainment",Robert Rodriguez,"Rosa Salazar, Christoph Waltz"
Maleficent: Mistress of Evil,2019,English,"Fantasy, Adventure",16-10-2019,119,"Walt Disney Pictures, Roth Films",Joachim Rønning,"Angelina Jolie, Elle Fanning"
Aladdin,2019,English,"Adventure, Fantasy",24-05-2019,127,"Walt Disney Pictures, Rideback",Guy Ritchie,"Will Smith, Mena Massoud"
The Angry Birds Movie 2,2019,English,"Animation, Adventure",02-08-2019,96,"Rovio Animation, Columbia Pictures",Thurop Van Orman,"Jason Sudeikis, Josh Gad"
The Secret Life of Pets 2,2019,English,"Adventure, Animation",14-06-2019,86,"Universal Pictures, Illumination",Chris Renaud,"Patton Oswalt, Kevin Hart"
Captain Marvel,2019,English,"Action, Adventure",08-03-2019,124,Marvel Studios,"Ryan Fleck, Anna Boden","Brie Larson, Samuel L. Jackson"
Escape Room,2019,English,Thriller,03-01-2019,100,"Columbia Pictures, Original Film",Adam Robitel,"Taylor Russell, Logan Miller"
Klaus,2019,English,"Animation, Adventure",08-11-2019,96,"Atresmedia, The SPA Studios",Sergio Pablos,"Jason Schwartzman, J.K. Simmons"
Serenity,2019,English,Thriller,24-01-2019,102,"Nebulastar, Shoebox Films",Steven Knight,"Matthew McConaughey, Anne Hathaway"
El Camino: A Breaking Bad Movie,2019,English,Thriller,11-10-2019,123,"Sony Pictures Television, Gran Via Productions",Vince Gilligan,"Aaron Paul, Jesse Plemons"
Countdown,2019,English,Thriller,24-10-2019,90,"Wrigley Pictures, Universal Pictures",Justin Dec,"Elizabeth Lail, Jordan Calloway"
Murder Mystery,2019,English,Action,25-05-2019,97,"Vinson Films, Endgame Entertainment",Kyle Newacheck,"Adam Sandler, Jennifer Aniston"
Anna,2019,English,"Action, Adventure",19-06-2019,119,"EuropaCorp, TF1 Films Production",Luc Besson,"Sasha Luss, Helen Mirren"
Triple Frontier,2019,English,"Action, Thriller",06-03-2019,125,Atlas Entertainment,J.C. Chandor,"Ben Affleck, Oscar Isaac"
Us,2019,English,Thriller,29-03-2019,116,"Monkeypaw Productions, Universal Pictures",Jordan Peele,"Lupita Nyong'o, Winston Duke"
Terminator: Dark Fate,2019,English,"Sci-Fi, Action",23-10-2019,128,"20th Century Fox, Skydance Media",Tim Miller,"Linda Hamilton, Arnold Schwarzenegger"
Rambo: Last Blood,2019,English,"Action, Thriller",20-09-2019,89,"Millennium Media, Templeton Media",Adrian Grünberg,"Sylvester Stallone, Paz Vega"
Abominable,2019,English,"Animation, Adventure",19-09-2019,97,"DreamWorks Animation, dentsu",Jill Culton,"Chloe Bennet, Albert Tsai"
Dark Waters,2019,English,Thriller,22-11-2019,127,"Participant, Willi Hill",Todd Haynes,"Mark Ruffalo, Anne Hathaway"
Shazam!,2019,English,"Action, Fantasy",05-04-2019,132,"New Line Cinema, The Safran Company",David F. Sandberg,"Zachary Levi, Mark Strong"
Real Cases of Shadow People: The Sarah McCormick Story,2019,English,Thriller,16-01-2019,107,Mazz Appeal Films,"Joseph Mazzaferro, Jospeh D. Thomas","Kierney Nelson, Lisa Arcaro"
Child's Play,2019,English,Thriller,19-06-2019,90,"KatzSmith Productions, Bron Studios",Lars Klevberg,"Mark Hamill, Aubrey Plaza"
How to Train Your Dragon: Homecoming,2019,English,"Animation, Fantasy",03-12-2019,22,DreamWorks Animation,Tim Johnson,"Jay Baruchel, America Ferrera"
Doom: Annihilation,2019,English,"Action, Sci-Fi",30-09-2019,97,"Universal 1440 Entertainment, di Bonaventura Pictures",Tony Giglio,"Amy Manson, Luke Allen-Gale"
Enhanced,2019,English,"Action, Sci-Fi",24-10-2019,95,JP Action Film,James Mark,"George Tchortov, Alanna Bale"
Midway,2019,English,Action,06-11-2019,138,"AGC Studios, Centropolis Entertainment",Roland Emmerich,"Ed Skrein, Patrick Wilson"
The Dead Don't Die,2019,English,"Fantasy, Sci-Fi",15-05-2019,104,"Kill the Head, Animal Kingdom",Jim Jarmusch,"Bill Murray, Adam Driver"
6 Underground,2019,English,"Action, Thriller",10-12-2019,128,"Skydance Media, Bay Films",Michael Bay,"Ryan Reynolds, Mélanie Laurent"
Glass,2019,English,"Thriller, Sci-Fi",18-01-2019,129,"Blinding Edge Pictures, Blumhouse Productions",M. Night Shyamalan,"James McAvoy, Bruce Willis"
A Dog's Journey,2019,English,Adventure,03-05-2019,109,"Amblin Entertainment, Reliance Entertainment",Gail Mancuso,"Marg Helgenberger, Betty Gilpin"
Crawl,2019,English,"Thriller, Action",10-07-2019,87,"Raimi Productions, Fire Axe Pictures",Alexandre Aja,"Kaya Scodelario, Barry Pepper"
Yesterday,2019,English,Fantasy,12-07-2019,116,"Working Title Films, Working Title Films",Danny Boyle,"Himesh Patel, Lily James"
Men in Black: International,2019,English,"Sci-Fi, Action",14-06-2019,115,"Amblin Entertainment, Parkes+MacDonald Image Nation",F. Gary Gray,"Chris Hemsworth, Tessa Thompson"
Scooby-Doo! Return to Zombie Island,2019,English,"Fantasy, Animation",03-09-2019,80,Warner Bros. Animation,"Cecilia Aranovich, Ethan Spaulding","Frank Welker, Grey DeLisle"
Hellboy,2019,English,"Fantasy, Action",12-04-2019,120,"Campbell Grobman Films, Dark Horse Entertainment",Neil Marshall,"David Harbour, Milla Jovovich"
Ma,2019,English,Thriller,29-05-2019,99,"Blumhouse Productions, Wyolah Films",Tate Taylor,"Octavia Spencer, Juliette Lewis"
Nail in the Coffin: The Fall and Rise of Vampiro,2019,English,Action,20-09-2019,90,"9 Light Entertainment, Hangar 18 Media",Michael Paszt,"Ian Hodgkinson, Jeffrey Jarrett"
Triple Threat,2019,English,"Thriller, Action",19-03-2019,96,"Hamilton Entertainment, Kungfuman Culture Media",Jesse V. Johnson,"Tony Jaa, Tiger Chen Hu"
Marvel Rising: Battle of the Bands,2019,English,"Animation, Action",28-08-2019,22,Marvel Animation,Chris Rutkowski,"Dove Cameron, Tyler Posey"
Pokémon Detective Pikachu,2019,English,"Action, Adventure",10-05-2019,105,"Legendary Pictures, The Pokémon Company",Rob Letterman,"Ryan Reynolds, Justice Smith"
The Hummingbird Project,2019,English,Thriller,15-03-2019,111,"Item 7, Belga Productions",Kim Nguyen,"Jesse Eisenberg, Alexander Skarsgård"
The Lighthouse,2019,English,"Fantasy, Thriller",18-10-2019,109,"RT Features, Parts & Labor",Robert Eggers,"Robert Pattinson, Willem Dafoe"
Dora and the Lost City of Gold,2019,English,Adventure,08-08-2019,102,"Nickelodeon Movies, Paramount Players",James Bobin,"Isabela Merced, Jeffrey Wahlberg"
The Secret Lives of Cheerleaders,2019,English,Thriller,02-09-2019,88,"Production Media Films, Hybrid",Peter Sullivan,"Denise Richards, Savannah May"
Togo,2019,English,Adventure,20-12-2019,113,Walt Disney Pictures,Ericson Core,"Willem Dafoe, Julianne Nicholson"
Rise of the Footsoldier 4: Marbella,2019,English,Action,08-11-2019,85,"Carnaby International, Lipsync Productions",Andrew Loveday,"Craig Fairbrass, Terry Stone"
Merry Men 2: Another Mission,2019,English,Action,20-12-2019,114,"Corporate World Entertainment, FilmOne Distribution",Moses Inwang,"Damilola Adegbite, Alex Asogwa"
We Have Always Lived in the Castle,2019,English,Thriller,17-05-2019,96,"Furthur Films, Mighty Engine",Stacie Passon,"Taissa Farmiga, Alexandra Daddario"
Point Blank,2019,English,"Action, Thriller",12-07-2019,86,"WarParty Films, Gaumont",Joe Lynch,"Anthony Mackie, Frank Grillo"
Uncut Gems,2019,English,Thriller,30-08-2019,136,"A24, Elara Pictures","Josh Safdie, Benny Safdie","Adam Sandler, LaKeith Stanfield"
Cruel Fixation,2019,English,Thriller,10-10-2019,90,Sunshine Films,Damián Romay,"Kristina Klebe, Tanner Buchanan"
The Highwaymen,2019,English,Thriller,15-03-2019,133,Casey Silver Productions,John Lee Hancock,"Kevin Costner, Woody Harrelson"
LEGO DC Batman: Family Matters,2019,English,"Animation, Action",21-07-2019,72,"Warner Bros. Animation, DC Entertainment",Matt Peters,"Troy Baker, Jason Spisak"
Dumbo,2019,English,"Fantasy, Adventure",29-03-2019,112,"Tim Burton Productions, Walt Disney Pictures",Tim Burton,"Colin Farrell, Michael Keaton"
The Art of Self-Defense,2019,English,Thriller,12-07-2019,104,End Cue,Riley Stearns,"Jesse Eisenberg, Alessandro Nivola"
Doctor Sleep,2019,English,Fantasy,08-11-2019,152,"Vertigo Entertainment, Intrepid Pictures",Mike Flanagan,"Ewan McGregor, Rebecca Ferguson"
Shaft,2019,English,Action,14-06-2019,111,"Davis Entertainment, New Line Cinema",Tim Story,"Samuel L. Jackson, Jessie T. Usher"
Get Duked!,2019,English,Action,08-03-2019,87,"Highland Midgie, Material Pictures",Ninian Doff,"Lewis Gribben, Rian Gordon"
Vivarium,2019,English,"Sci-Fi, Thriller",07-09-2019,97,"Fantastic Films, Frakas Productions",Lorcan Finnegan,"Imogen Poots, Jesse Eisenberg"
Down,2019,English,Thriller,01-02-2019,82,Blumhouse Television,Daniel Stamm,"Natalie Martinez, Matt Lauria"
Danger Close: The Battle of Long Tan,2019,English,Action,08-08-2019,119,"Red Dune Films, Full Clip Productions",Kriv Stenders,"Travis Fimmel, Luke Bracey"
The Courier,2019,English,"Action, Thriller",22-11-2019,99,"Rollercoaster Angel Productions, Signature Films",Zackary Adler,"Olga Kurylenko, Gary Oldman"
Am I a Serial Killer?,2019,English,Thriller,10-05-2019,82,"Reel One Entertainment, Lifetime",Penelope Buitenhuis,"Monroe Cline, Jhey Castles"
The Car: Road to Revenge,2019,English,"Action, Thriller",08-01-2019,89,"BUFO, Universal 1440 Entertainment",G.J. Echternkamp,"Grant Bowler, Kathleen Munroe"
Spider-Man: No Way Home,2021,English,"Action, Adventure",17-12-2021,148,"Marvel Studios, Pascal Pictures",Jon Watts,"Tom Holland, Zendaya"
The Suicide Squad,2021,English,"Action, Adventure",06-08-2021,132,"DC Films, Atlas Entertainment",James Gunn,"Margot Robbie, Idris Elba"
Dune,2021,English,"Sci-Fi, Adventure",22-10-2021,155,Legendary Pictures,Denis Villeneuve,"Timothée Chalamet, Rebecca Ferguson"
The Conjuring: The Devil Made Me Do It,2021,English,Thriller,25-05-2021,111,"New Line Cinema, The Safran Company",Michael Chaves,"Patrick Wilson, Vera Farmiga"
Nobody,2021,English,"Action, Thriller",27-08-2021,91,"87North Productions, OPE Partners",Ilya Naishuller,"Bob Odenkirk, Aleksey Serebryakov"
Girl in the Basement,2021,English,Thriller,27-02-2021,88,"Big Dreams Entertainment, Swirl Films",Elisabeth Röhm,"Judd Nelson, Stefanie Scott"
The Tomorrow War,2021,English,"Action, Sci-Fi",03-09-2021,138,"Skydance Media, Phantom Four",Chris McKay,"Chris Pratt, Yvonne Strahovski"
Tom Clancy's Without Remorse,2021,English,"Action, Thriller",29-04-2021,110,"Weed Road Pictures, Outlier Society",Stefano Sollima,"Michael B. Jordan, Jamie Bell"
Venom: Let There Be Carnage,2021,English,"Sci-Fi, Action",30-09-2021,97,"Columbia Pictures, Pascal Pictures",Andy Serkis,"Tom Hardy, Woody Harrelson"
Encanto,2021,English,"Animation, Fantasy",13-10-2021,102,Walt Disney Animation Studios,"Byron Howard, Jared Bush","Stephanie Beatriz, María Cecilia Botero"
Wrath of Man,2021,English,Thriller,22-04-2021,119,"Miramax, Toff Guy Films",Guy Ritchie,"Jason Statham, Holt McCallany"
Cruella,2021,English,Adventure,26-05-2021,134,"Walt Disney Pictures, Gunn Films",Craig Gillespie,"Emma Stone, Emma Thompson"
Zack Snyder's Justice League,2021,English,"Action, Adventure",18-03-2021,242,"Warner Bros. Pictures, The Stone Quarry",Zack Snyder,"Ben Affleck, Henry Cavill"
Shang-Chi and the Legend of the Ten Rings,2021,English,"Action, Adventure",03-09-2021,132,Marvel Studios,Destin Daniel Cretton,"Simu Liu, Tony Leung Chiu-wai"
Sing 2,2021,English,Animation,01-12-2021,109,Illumination,Garth Jennings,"Matthew McConaughey, Reese Witherspoon"
Free Guy,2021,English,"Adventure, Sci-Fi",17-09-2021,115,"Berlanti Productions, 21 Laps Entertainment",Shawn Levy,"Ryan Reynolds, Jodie Comer"
A Quiet Place Part II,2021,English,"Sci-Fi, Thriller",21-05-2021,96,"Paramount Pictures, Platinum Dunes",John Krasinski,"Emily Blunt, John Krasinski"
Luca,2021,English,"Animation, Fantasy",17-06-2021,95,Pixar,Enrico Casarosa,"Jacob Tremblay, Jack Dylan Grazer"
The Voyeurs,2021,English,Thriller,25-08-2021,117,Divide / Conquer,Michael Mohan,"Sydney Sweeney, Justice Smith"
No Time to Die,2021,English,"Action, Thriller",30-09-2021,163,"EON Productions, Metro-Goldwyn-Mayer",Cary Joji Fukunaga,"Daniel Craig, Léa Seydoux"
The Woman in the Window,2021,English,Thriller,13-05-2021,102,"Fox 2000 Pictures, 20th Century Studios",Joe Wright,"Amy Adams, Gary Oldman"
The Matrix Resurrections,2021,English,"Sci-Fi, Action",16-12-2021,147,"Warner Bros. Pictures, Village Roadshow Pictures",Lana Wachowski,"Keanu Reeves, Carrie-Anne Moss"
Eternals,2021,English,"Sci-Fi, Action",03-11-2021,156,Marvel Studios,Chloé Zhao,"Gemma Chan, Richard Madden"
Black Widow,2021,English,"Action, Adventure",07-07-2021,134,Marvel Studios,Cate Shortland,"Scarlett Johansson, Florence Pugh"
The Forever Purge,2021,English,"Action, Thriller",30-06-2021,103,"Blumhouse Productions, Platinum Dunes",Everardo Gout,"Ana de la Reguera, Josh Lucas"
The King's Man,2021,English,"Action, Adventure",14-01-2022,131,"Marv, Cloudy Productions",Matthew Vaughn,"Ralph Fiennes, Gemma Arterton"
Red Notice,2021,English,Action,04-11-2021,118,"Flynn Picture Company, Seven Bucks Productions",Rawson Marshall Thurber,"Dwayne Johnson, Ryan Reynolds"
The Boss Baby: Family Business,2021,English,"Animation, Adventure",01-07-2021,107,"DreamWorks Animation, Universal Pictures",Tom McGrath,"Alec Baldwin, James Marsden"
F9,2021,English,"Action, Adventure",25-06-2021,143,"Original Film, One Race",Justin Lin,"Vin Diesel, Michelle Rodriguez"
The Green Knight,2021,English,"Adventure, Fantasy",27-08-2021,130,"A24, Bron Studios",David Lowery,"Dev Patel, Alicia Vikander"
Finch,2021,English,"Sci-Fi, Adventure",04-11-2021,115,"Amblin Entertainment, ImageMovers",Miguel Sapochnik,"Tom Hanks, Caleb Landry Jones"
Mortal Kombat,2021,English,"Action, Fantasy",23-04-2021,110,"Atomic Monster, Broken Road Productions",Simon McQuoid,"Lewis Tan, Jessica McNamee"
Snake Eyes: G.I. Joe Origins,2021,English,"Action, Adventure",22-07-2021,121,"Paramount Pictures, Metro-Goldwyn-Mayer",Robert Schwentke,"Henry Golding, Andrew Koji"
Godzilla vs. Kong,2021,English,"Action, Sci-Fi",24-03-2021,114,Legendary Pictures,Adam Wingard,"Alexander Skarsgård, Rebecca Hall"
LOL Surprise: The Movie,2021,English,Animation,08-10-2021,47,Pixel Zoo,Alex Kamb,"Ayla Rae Neal, Sonya Krueger"
Don't Look Up,2021,English,Sci-Fi,08-12-2021,138,Hyperobject Industries,Adam McKay,"Leonardo DiCaprio, Jennifer Lawrence"
Army of the Dead,2021,English,Action,14-05-2021,148,The Stone Quarry,Zack Snyder,"Dave Bautista, Ella Purnell"
Wrong Turn,2021,English,Thriller,26-01-2021,110,"Constantin Film, The H Collective",Mike P. Nelson,"Charlotte Vega, Adain Bradley"
Raya and the Last Dragon,2021,English,"Animation, Fantasy",03-03-2021,107,Walt Disney Animation Studios,"Don Hall, Carlos López Estrada","Kelly Marie Tran, Awkwafina"
PAW Patrol: The Movie,2021,English,"Adventure, Animation",09-08-2021,86,"Spin Master, Nickelodeon Movies",Cal Brunker,"Tyler Perry, Ron Pardo"
Wish Dragon,2021,English,"Animation, Fantasy",15-01-2021,99,"Sony Pictures Animation, Tencent Pictures",Chris Appelhans,"Jimmy Wong, John Cho"
Infinite,2021,English,"Sci-Fi, Action",09-09-2021,106,"di Bonaventura Pictures, Closest to the Hole Productions",Antoine Fuqua,"Mark Wahlberg, Chiwetel Ejiofor"
The Last Duel,2021,English,Action,22-10-2021,153,"20th Century Studios, Pearl Street Films",Ridley Scott,"Matt Damon, Adam Driver"
Jungle Cruise,2021,English,"Fantasy, Adventure",24-09-2021,127,"Walt Disney Pictures, Seven Bucks Productions",Jaume Collet-Serra,"Dwayne Johnson, Emily Blunt"
Ghostbusters: Afterlife,2021,English,"Fantasy, Adventure",18-11-2021,124,"Columbia Pictures, Bron Studios",Jason Reitman,"Mckenna Grace, Finn Wolfhard"
Halloween Kills,2021,English,Thriller,14-10-2021,105,"Blumhouse Productions, Miramax",David Gordon Green,"Jamie Lee Curtis, Judy Greer"
The Misfits,2021,English,"Action, Thriller",03-06-2021,94,"Kjam Media, RNG Entertainment",Renny Harlin,"Pierce Brosnan, Tim Roth"
Spirit Untamed,2021,English,"Animation, Adventure",20-05-2021,88,"Universal Pictures, DreamWorks Animation",Elaine Bogan,"Isabela Merced, Julianne Moore"
The Mitchells vs. the Machines,2021,English,"Animation, Adventure",22-04-2021,109,"Lord Miller, Columbia Pictures",Mike Rianda,"Abbi Jacobson, Danny McBride"
Old,2021,English,Thriller,17-09-2021,108,"Universal Pictures, Perfect World Pictures",M. Night Shyamalan,"Gael García Bernal, Vicky Krieps"
LEGO Star Wars Terrifying Tales,2021,English,"Animation, Sci-Fi",01-10-2021,45,"Lucasfilm Ltd., Atomic Cartoons",Ken Cunningham,"Jake Green, Raphael Alejandro"
Nightmare Alley,2021,English,Thriller,03-12-2021,151,"Searchlight Pictures, Double Dare You",Guillermo del Toro,"Bradley Cooper, Cate Blanchett"
Resident Evil: Welcome to Raccoon City,2021,English,"Action, Sci-Fi",26-11-2021,107,"Constantin Film, Screen Gems",Johannes Roberts,"Kaya Scodelario, Hannah John-Kamen"
Gone Mom: The Disappearance of Jennifer Dulos,2021,English,Thriller,05-06-2021,88,"Lighthouse Pictures, Lifetime",Gail Harvey,"Annabeth Gish, Warren Christie"
Tom & Jerry,2021,English,Animation,10-02-2021,101,"Warner Animation Group, Turner Entertainment Co.",Tim Story,"Chloë Grace Moretz, Michael Peña"
The Addams Family 2,2021,English,"Animation, Fantasy",01-10-2021,93,"Metro-Goldwyn-Mayer, Bron Studios","Greg Tiernan, Conrad Vernon","Oscar Isaac, Charlize Theron"
Old Henry,2021,English,Action,01-10-2021,99,"Shout! Studios, Hideout Pictures",Potsy Ponciroli,"Tim Blake Nelson, Scott Haze"
The Guilty,2021,English,Thriller,24-09-2021,91,"Nine Stories Productions, Bold Films",Antoine Fuqua,"Jake Gyllenhaal, Ethan Hawke"
Army of Thieves,2021,English,Action,29-10-2021,127,"Pantaleon Films, The Stone Quarry",Matthias Schweighöfer,"Matthias Schweighöfer, Nathalie Emmanuel"
VIRGO,2021,English,Adventure,14-04-2021,87,"Fox in the Snow Films, Lykantrop",Alyssa Toledo,"Drew Starkey, Rudy Pankow"
The Protégé,2021,English,"Action, Thriller",19-08-2021,109,"Millennium Media, Arthur Sarkissian Productions",Martin Campbell,"Maggie Q, Samuel L. Jackson"
Jolt,2021,English,"Action, Thriller",15-07-2021,91,"Millennium Media, Amazon Studios",Tanya Wexler,"Kate Beckinsale, Stanley Tucci"
Hitman's Wife's Bodyguard,2021,English,"Action, Thriller",14-06-2021,100,"Nu Boyana Film Studios, Summit Entertainment",Patrick Hughes,"Ryan Reynolds, Samuel L. Jackson"
Boss Level,2021,English,"Action, Sci-Fi",19-02-2021,101,"WarParty Films, Highland Film Group",Joe Carnahan,"Frank Grillo, Mel Gibson"
Run Hide Fight,2021,English,"Action, Thriller",17-06-2021,109,"Bonfire Legend, Good Wizard",Kyle Rankin,"Isabel May, Thomas Jane"
The Ice Road,2021,English,"Action, Thriller",24-06-2021,108,"Shivhans Pictures, Code Entertainment",Jonathan Hensleigh,"Liam Neeson, Amber Midthunder"
Copshop,2021,English,"Thriller, Action",09-09-2021,108,"WarParty Films, Sculptor Media",Joe Carnahan,"Gerard Butler, Frank Grillo"
Prisoners of the Ghostland,2021,English,"Action, Fantasy",31-08-2021,103,"Eleven Arts Studios, Untitled Entertainment",Sion Sono,"Nicolas Cage, Sofia Boutella"
Swan Song,2021,English,Sci-Fi,06-08-2021,105,"Luna Pictures, Magnolia Pictures",Todd Stephens,"Udo Kier, Jennifer Coolidge"
"The Good, the Bart, and the Loki",2021,English,Animation,07-07-2021,6,"Gracie Films, 20th Television",David Silverman,"Tom Hiddleston, Dan Castellaneta"
Last Night in Soho,2021,English,Thriller,12-11-2021,116,"Focus Features, Film4 Productions",Edgar Wright,"Thomasin McKenzie, Anya Taylor-Joy"
A House on the Bayou,2021,English,Thriller,19-11-2021,89,"Epix, Blumhouse Television",Alex McAulay,"Paul Schneider, Angela Sarafyan"
Day of Destiny,2021,English,Sci-Fi,30-10-2021,110,"Anthill Productions, InkBlot Productions","Abosi Ogba, Akay Mason","Olumide Oworu, Denola Grey"
Back to the Outback,2021,English,"Animation, Adventure",03-12-2021,92,Netflix,"Claire Knight, Harry Cripps","Isla Fisher, Tim Minchin"
Don't Breathe 2,2021,English,Thriller,17-09-2021,98,"Ghost House Pictures, Stage 6 Films",Rodo Sayagues,"Stephen Lang, Madelyn Grace"
Night Teeth,2021,English,"Thriller, Action",20-10-2021,107,"42, Unique Features",Adam Randall,"Jorge Lendeborg Jr., Debby Ryan"
The Mauritanian,2021,English,Thriller,12-02-2021,129,"30WEST, Topic Studios",Kevin Macdonald,"Tahar Rahim, Jodie Foster"
Deadly Radio Romance,2021,English,Thriller,14-03-2021,86,"Dawn's Light, BondIt Media Capital",Mike Hoy,"Skye Coyne, Jillian Murray"
My Little Pony: A New Generation,2021,English,"Animation, Fantasy",22-09-2021,90,"Boulder Media, Entertainment One","José Luis Ucha, Mark Fattibene","Vanessa Hudgens, Kimiko Glenn"
Awake,2021,English,"Sci-Fi, Thriller",09-06-2021,96,"Entertainment One, Paul Schiff Productions",Mark Raso,"Gina Rodriguez, Ariana Greenblatt"
Planet Dune,2021,English,"Sci-Fi, Adventure",29-10-2021,86,"Atomic Blonde Entertainment, The Asylum","Glenn Campbell, Tammy Klein","Sean Young, Emily Killian"
No Sudden Move,2021,English,Thriller,24-06-2021,115,"Warner Bros. Pictures, HBO Max",Steven Soderbergh,"Don Cheadle, Benicio del Toro"
Deadly Illusions,2021,English,Thriller,18-03-2021,114,"Kiss and Tale Productions, Voltage Pictures",Anna Elizabeth James,"Kristin Davis, Dermot Mulroney"
Rogue Hostage,2021,English,"Action, Adventure",11-06-2021,94,"Yale Productions, BondIt Media Capital",Jon Keeyes,"Tyrese Gibson, John Malkovich"
Rise of the Footsoldier: Origins,2021,English,Action,03-09-2021,107,"Empire Pictures, Haymarket Films",Nick Nevern,"Terry Stone, Vinnie Jones"
The Black Phone,2022,English,Thriller,16-06-2022,103,"Blumhouse Productions, Crooked Highway",Scott Derrickson,"Mason Thames, Ethan Hawke"
Avatar: The Way of Water,2022,English,"Action, Adventure",16-12-2022,192,"20th Century Studios, Lightstorm Entertainment",James Cameron,"Sam Worthington, Zoe Saldaña"
As Good as Dead,2022,English,Action,16-12-2022,88,"Odyssey Motion Pictures, Badhouse Studios Mexico",R. Ellis Frazier,"Tom Berenger, Michael Jai White"
Top Gun: Maverick,2022,English,Action,27-05-2022,131,"Skydance Media, Don Simpson/Jerry Bruckheimer Films",Joseph Kosinski,"Tom Cruise, Val Kilmer"
The Batman,2022,English,Thriller,04-03-2022,177,"6th & Idaho Motion Picture Company, Dylan Clark Productions",Matt Reeves,"Robert Pattinson, Zoë Kravitz"
Hotel Transylvania: Transformania,2022,English,"Animation, Adventure",31-01-2022,92,"Sony Pictures Animation, Sony Pictures","Derek Drymon, Jennifer Kluska","Andy Samberg, Selena Gomez"
Everything Everywhere All at Once,2022,English,"Action, Adventure",16-09-2022,140,"IAC Films, AGBO","Daniel Scheinert, Daniel Kwan","Michelle Yeoh, Stephanie Hsu"
Turning Red,2022,English,"Animation, Fantasy",10-03-2022,100,Pixar,Domee Shi,"Rosalie Chiang, Sandra Oh"
Puss in Boots: The Last Wish,2022,English,"Animation, Adventure",20-01-2023,103,DreamWorks Animation,Joel Crawford,"Antonio Banderas, Salma Hayek Pinault"
The Bad Guys,2022,English,"Adventure, Animation",17-03-2022,100,DreamWorks Animation,Pierre Perifel,"Sam Rockwell, Marc Maron"
Terrifier 2,2022,English,Thriller,28-10-2022,138,"Dark Age Cinema, Fuzz on the Lens Productions",Damien Leone,"David Howard Thornton, Lauren LaVera"
Doctor Strange in the Multiverse of Madness,2022,English,"Fantasy, Action",06-05-2022,126,"Marvel Studios, Kevin Feige Productions",Sam Raimi,"Benedict Cumberbatch, Xochitl Gomez"
Sonic the Hedgehog 2,2022,English,"Action, Adventure",30-03-2022,123,"Original Film, Blur Studio",Jeff Fowler,"Ben Schwartz, James Marsden"
Bullet Train,2022,English,"Action, Thriller",03-08-2022,126,"87North Productions, Columbia Pictures",David Leitch,"Brad Pitt, Joey King"
Jurassic World Dominion,2022,English,"Adventure, Action",01-06-2022,147,"Amblin Entertainment, Universal Pictures",Colin Trevorrow,"Chris Pratt, Bryce Dallas Howard"
Deep Water,2022,English,Thriller,17-03-2022,116,"New Regency Pictures, Entertainment 360",Adrian Lyne,"Ben Affleck, Ana de Armas"
Prey,2022,English,"Thriller, Action",02-08-2022,100,"20th Century Studios, Davis Entertainment",Dan Trachtenberg,"Amber Midthunder, Dakota Beavers"
Hocus Pocus 2,2022,English,Fantasy,27-09-2022,107,"Walt Disney Pictures, Weimaraner Republic Pictures",Anne Fletcher,"Bette Midler, Sarah Jessica Parker"
X,2022,English,Thriller,17-03-2022,106,"A24, Little Lamb Productions",Ti West,"Mia Goth, Jenna Ortega"
Thor: Love and Thunder,2022,English,"Fantasy, Action",06-07-2022,119,"Marvel Studios, Kevin Feige Productions",Taika Waititi,"Chris Hemsworth, Natalie Portman"
Black Panther: Wakanda Forever,2022,English,"Action, Adventure",09-11-2022,162,Marvel Studios,Ryan Coogler,"Letitia Wright, Tenoch Huerta Mejía"
Black Adam,2022,English,"Action, Adventure",19-10-2022,125,"New Line Cinema, Flynn Picture Company",Jaume Collet-Serra,"Dwayne Johnson, Aldis Hodge"
Fall,2022,English,Thriller,11-08-2022,107,"Tea Shop Productions, Capstone Pictures",Scott Mann,"Grace Caroline Currey, Virginia Gardner"
The Menu,2022,English,Thriller,17-11-2022,107,"Hyperobject Industries, Searchlight Pictures",Mark Mylod,"Anya Taylor-Joy, Ralph Fiennes"
Pearl,2022,English,Thriller,16-09-2022,102,"A24, Little Lamb Productions",Ti West,"Mia Goth, David Corenswet"
Moonfall,2022,English,"Sci-Fi, Adventure",02-02-2022,131,"Centropolis Entertainment, Street Entertainment",Roland Emmerich,"Halle Berry, Patrick Wilson"
Luck,2022,English,"Animation, Adventure",05-08-2022,105,"Skydance Animation, Skydance Animation East",Peggy Holmes,"Eva Noblezada, Simon Pegg"
M3GAN,2022,English,Sci-Fi,13-01-2023,102,"Atomic Monster, Blumhouse Productions",Gerard Johnstone,"Allison Williams, Violet McGraw"
The Northman,2022,English,"Action, Adventure",07-04-2022,137,"Regency Enterprises, New Regency Pictures",Robert Eggers,"Alexander Skarsgård, Nicole Kidman"
Barbarian,2022,English,Thriller,08-09-2022,102,"BoulderLight Pictures, Vertigo Entertainment",Zach Cregger,"Georgina Campbell, Justin Long"
The Ice Age Adventures of Buck Wild,2022,English,"Animation, Adventure",28-01-2022,82,"Bardel Entertainment, Walt Disney Pictures",John C. Donkin,"Simon Pegg, Vincent Tong"
Morbius,2022,English,"Action, Sci-Fi",01-04-2022,105,"Columbia Pictures, Matt Tolmach Productions",Daniel Espinosa,"Jared Leto, Matt Smith"
Fantastic Beasts: The Secrets of Dumbledore,2022,English,"Fantasy, Adventure",06-04-2022,142,"Warner Bros. Pictures, Heyday Films",David Yates,"Eddie Redmayne, Jude Law"
Minions: The Rise of Gru,2022,English,"Adventure, Animation",29-06-2022,87,"Universal Pictures, Illumination",Kyle Balda,"Steve Carell, Pierre Coffin"
The School for Good and Evil,2022,English,"Fantasy, Adventure",19-10-2022,149,"Feigco Entertainment, Jane Startz Productions",Paul Feig,"Sofia Wylie, Sophia Anne Caruso"
Halloween Ends,2022,English,Thriller,12-10-2022,111,"Universal Pictures, Blumhouse Productions",David Gordon Green,"Jamie Lee Curtis, Andi Matichak"
The Lost City,2022,English,"Action, Adventure",23-03-2022,112,"Fortis Films, 3dot Productions","Aaron Nee, Adam Nee","Sandra Bullock, Channing Tatum"
Nope,2022,English,"Sci-Fi, Thriller",19-08-2022,130,"Universal Pictures, Monkeypaw Productions",Jordan Peele,"Daniel Kaluuya, Keke Palmer"
Strange World,2022,English,"Animation, Adventure",23-11-2022,102,Walt Disney Animation Studios,Don Hall,"Jake Gyllenhaal, Dennis Quaid"
The Sea Beast,2022,English,"Animation, Adventure",24-06-2022,115,Netflix,Chris Williams,"Karl Urban, Zaris-Angel Hator"
The Gray Man,2022,English,"Action, Thriller",13-07-2022,129,"AGBO, Roth-Kirschenbaum Films","Joe Russo, Anthony Russo","Ryan Gosling, Chris Evans"
The Outfit,2022,English,Thriller,25-02-2022,105,"Focus Features, FilmNation Entertainment",Graham Moore,"Mark Rylance, Zoey Deutch"
The Exorcism of God,2022,English,Fantasy,11-03-2022,98,"Epica Pictures INC, Kabche Film Production",Alejandro Hidalgo,"Will Beinbrink, María Gabriela de Faría"
Secret Headquarters,2022,English,"Action, Adventure",12-08-2022,104,"Paramount Pictures, Jerry Bruckheimer Films","Ariel Schulman, Henry Joost","Owen Wilson, Michael Peña"
The Woman King,2022,English,Action,03-02-2023,135,"TriStar Pictures, JuVee Productions",Gina Prince-Bythewood,"Viola Davis, Thuso Mbedu"
Memory,2022,English,"Action, Thriller",28-04-2022,114,"Black Bear Pictures, Welle Entertainment",Martin Campbell,"Liam Neeson, Guy Pearce"
Uncharted,2022,English,"Action, Adventure",10-02-2022,116,"Columbia Pictures, Atlas Entertainment",Ruben Fleischer,"Tom Holland, Mark Wahlberg"
Curse of Crom: The Legend of Halloween,2022,English,Fantasy,23-09-2022,92,"FireSpire Productions, Arrowstorm Entertainment",Rob York,"Chelsea Jurkiewicz, Tanner Gillman"
DC League of Super-Pets,2022,English,"Adventure, Animation",27-07-2022,105,"Warner Animation Group, DC Entertainment",Jared Stern,"Dwayne Johnson, Kevin Hart"
Trick or Treat Scooby-Doo!,2022,English,"Adventure, Animation",04-10-2022,77,Warner Bros. Animation,Audie Harrison,"Frank Welker, Grey DeLisle"
Pinocchio,2022,English,"Fantasy, Adventure",07-09-2022,105,"Walt Disney Pictures, Depth of Field",Robert Zemeckis,"Joseph Gordon-Levitt, Tom Hanks"
"The Boy, the Mole, the Fox and the Horse",2022,English,"Animation, Adventure",25-12-2022,35,"NoneMore Productions, Bad Robot","Peter Baynton, Charlie Mackesy","Jude Coward Nicoll, Tom Hollander"
Orphan: First Kill,2022,English,Thriller,17-10-2022,99,"Dark Castle Entertainment, Entertainment One",William Brent Bell,"Isabelle Fuhrman, Julia Stiles"
Sniper: Rogue Mission,2022,English,"Action, Thriller",16-08-2022,96,Destination Films,Oliver Thompson,"Chad Michael Collins, Ryan Robbins"
The Adventure of A.R.I.: My Robot Friend,2022,English,Sci-Fi,13-01-2022,89,"Ace Entertainment, Master Key Production",Stephen Shimek,"Greg Lutz, J.R. Brown"
The Contractor,2022,English,"Action, Thriller",10-03-2022,103,"Thunder Road, 30WEST",Tarik Saleh,"Chris Pine, Kiefer Sutherland"
Roald Dahl's Matilda the Musical,2022,English,Fantasy,25-11-2022,117,"Working Title Films, The Roald Dahl Story Company",Matthew Warchus,"Alisha Weir, Emma Thompson"
Death on the Nile,2022,English,Thriller,09-02-2022,127,"The Mark Gordon Company, Genre Films",Kenneth Branagh,"Kenneth Branagh, Tom Bateman"
Monster High: The Movie,2022,English,"Fantasy, Adventure",06-10-2022,89,"Mattel Television, Brightlight Pictures",Todd Holland,"Miia Harris, Ceci Balagot"
Mortal Kombat Legends: Snow Blind,2022,English,"Animation, Action",09-10-2022,82,Warner Bros. Animation,Rick Morales,"Manny Jacinto, David Wenham"
Fresh,2022,English,Thriller,03-03-2022,114,"Legendary Pictures, Hyperobject Industries",Mimi Cave,"Daisy Edgar-Jones, Sebastian Stan"
Section 8,2022,English,"Action, Thriller",23-09-2022,98,Firebrand,Christian Sesma,"Ryan Kwanten, Dolph Lundgren"
Heatwave,2022,English,Thriller,17-01-2022,100,"All Canadian Entertainment, Motion Picture Corporation of America",Ernie Barbarash,"Kat Graham, Merritt Patterson"
The Adam Project,2022,English,"Adventure, Sci-Fi",11-03-2022,106,"Skydance Media, Maximum Effort",Shawn Levy,"Ryan Reynolds, Walker Scobell"
The Magic Flute,2022,English,"Adventure, Fantasy",30-09-2022,125,"Flute Film, Bayerischer Banken-Fonds",Florian Sigl,"Jack Wolfe, F. Murray Abraham"
No Exit,2022,English,Thriller,24-02-2022,96,"20th Century Studios, Flitcraft",Damien Power,"Havana Rose Liu, Danny Ramirez"
How to Live Your Best Death,2022,English,Thriller,30-09-2022,87,"Synthetic Cinema International, Johnson Production Group",Rachel Annette Helson,"Alissa Filoramo, Al Pagano"
I Came By,2022,English,Thriller,19-08-2022,110,"XYZ Films, Two & Two Pictures",Babak Anvari,"George MacKay, Percelle Ascott"
Buried in Barstow,2022,English,"Thriller, Action",04-06-2022,85,"Untitled Entertainment, The Cartel",Howard Deutch,"Angie Harmon, Kristoffer Polaha"
The Enforcer,2022,English,Action,22-09-2022,91,"Born to Burn Films, Millennium Media",Richard Hughes,"Antonio Banderas, Kate Bosworth"
Ambulance,2022,English,"Thriller, Action",16-03-2022,136,"Bay Films, Endeavor Content",Michael Bay,"Jake Gyllenhaal, Yahya Abdul-Mateen II"
Paws of Fury: The Legend of Hank,2022,English,"Animation, Adventure",22-07-2022,94,"Flying Tigers Entertainment, Aniventure","Rob Minkoff, Chris Bailey","Michael Cera, Samuel L. Jackson"
The Great Wolf Pack: A Call to Adventure,2022,English,"Adventure, Animation",03-09-2022,45,"Great Wolf Entertainment, Six Point Harness",Chris Bailey,"Brandon Winckler, Maya Tuttle"
The Huntress: Rune of the Dead,2022,English,Adventure,21-07-2022,105,"ITN Films, Tirzitis Entertainment",Rasmus Tirzitis,"Moa Enqvist Stefansdotter, Yohanna Idha"
The Last Victim,2022,English,"Thriller, Action",13-05-2022,103,Decal,Naveen A. Chathapuram,"Ali Larter, Ron Perlman"
Guillermo del Toro's Pinocchio,2022,English,"Animation, Fantasy",09-11-2022,117,"The Jim Henson Company, ShadowMachine","Mark Gustafson, Guillermo del Toro","Ewan McGregor, David Bradley"
Three Thousand Years of Longing,2022,English,Fantasy,24-08-2022,108,"FilmNation Entertainment, Elevate Production Finance",George Miller,"Tilda Swinton, Idris Elba"
Dead for a Dollar,2022,English,"Thriller, Action",30-09-2022,106,"Chaos, a Film Company, Polaris Pictures",Walter Hill,"Christoph Waltz, Willem Dafoe"
Collide,2022,English,Thriller,05-08-2022,90,"Guns at Dawn, Vertical",Mukunda Michael Dewil,"Ryan Phillippe, Kat Graham"
The 355,2022,English,"Action, Adventure",05-01-2022,122,"Freckle Films, Genre Films",Simon Kinberg,"Jessica Chastain, Lupita Nyong'o"
Don't Worry Darling,2022,English,"Sci-Fi, Thriller",21-09-2022,123,"Vertigo Entertainment, New Line Cinema",Olivia Wilde,"Florence Pugh, Harry Styles"
Jurassic World Camp Cretaceous: Hidden Adventure,2022,English,"Action, Adventure",15-11-2022,32,"Amblin Entertainment, DreamWorks Animation Television","Eric Elrod, Leah Artwick","Paul-Mikél Williams, Sean Giambrone"
Lightyear,2022,English,"Animation, Sci-Fi",15-06-2022,105,Pixar,Angus MacLane,"Chris Evans, Keke Palmer"
Violent Night,2022,English,"Action, Fantasy",30-11-2022,111,"87North Productions, Universal Pictures",Tommy Wirkola,"David Harbour, John Leguizamo"
In Space with Markiplier: Part 2,2022,English,"Adventure, Sci-Fi",02-05-2022,70,YouTube Originals,"Mark Fischbach, Philip Roy","Mark Fischbach, Jordan Bradley"
My Father's Dragon,2022,English,"Animation, Adventure",04-11-2022,99,"Cartoon Saloon, Mockingbird Pictures",Nora Twomey,"Jacob Tremblay, Golshifteh Farahani"
Fast X,2023,English,"Action, Thriller",19-05-2023,142,"Universal Pictures, Original Film",Louis Leterrier,"Vin Diesel, Michelle Rodriguez"
The Family Plan,2023,English,Action,14-12-2023,118,"Municipal Pictures, Skydance Media",Simon Cellan Jones,"Mark Wahlberg, Michelle Monaghan"
Barbie,2023,English,Adventure,21-07-2023,114,"LuckyChap Entertainment, Heyday Films",Greta Gerwig,"Margot Robbie, Ryan Gosling"
Spider-Man: Across the Spider-Verse,2023,English,"Animation, Action",01-06-2023,140,"Columbia Pictures, Sony Pictures Animation","Kemp Powers, Justin K. Thompson","Shameik Moore, Hailee Steinfeld"
John Wick: Chapter 4,2023,English,"Action, Thriller",22-03-2023,170,"Thunder Road, 87Eleven",Chad Stahelski,"Keanu Reeves, Donnie Yen"
Mission: Impossible - Dead Reckoning Part One,2023,English,"Action, Adventure",12-07-2023,164,"Paramount Pictures, Skydance Media",Christopher McQuarrie,"Tom Cruise, Hayley Atwell"
The Super Mario Bros. Movie,2023,English,"Adventure, Animation",07-04-2023,93,"Universal Pictures, Illumination","Aaron Horvath, Michael Jelenic","Chris Pratt, Anya Taylor-Joy"
Guardians of the Galaxy Vol. 3,2023,English,"Sci-Fi, Adventure",03-05-2023,150,"Marvel Studios, Kevin Feige Productions",James Gunn,"Chris Pratt, Zoe Saldaña"
The Flash,2023,English,"Adventure, Action",15-06-2023,144,"Warner Bros. Pictures, Double Dream",Andy Muschietti,"Ezra Miller, Sasha Calle"
Elemental,2023,English,"Fantasy, Animation",16-06-2023,102,Pixar,Peter Sohn,"Leah Lewis, Mamoudou Athie"
Poor Things,2023,English,Sci-Fi,07-12-2023,141,"Searchlight Pictures, Film4 Productions",Yorgos Lanthimos,"Emma Stone, Mark Ruffalo"
Meg 2: The Trench,2023,English,"Action, Sci-Fi",02-08-2023,116,"Apelles Entertainment, Warner Bros. Pictures",Ben Wheatley,"Jason Statham, Wu Jing"
Five Nights at Freddy's,2023,English,Thriller,27-10-2023,110,"Blumhouse Productions, Scott Cawthon Productions",Emma Tammi,"Josh Hutcherson, Piper Rubio"
Migration,2023,English,"Adventure, Animation",06-12-2023,82,"Universal Pictures, Illumination",Benjamin Renner,"Kumail Nanjiani, Elizabeth Banks"
Operation Fortune: Ruse de Guerre,2023,English,"Action, Thriller",04-01-2023,113,"Miramax, STXfilms",Guy Ritchie,"Jason Statham, Aubrey Plaza"
Scream VI,2023,English,Thriller,10-03-2023,123,"Radio Silence, Project X Entertainment","Matt Bettinelli-Olpin, Tyler Gillett","Melissa Barrera, Jenna Ortega"
Ghosted,2023,English,Action,18-04-2023,117,Skydance Media,Dexter Fletcher,"Chris Evans, Ana de Armas"
Evil Dead Rise,2023,English,Thriller,21-04-2023,96,"New Line Cinema, Pacific Renaissance Pictures",Lee Cronin,"Lily Sullivan, Alyssa Sutherland"
Transformers: Rise of the Beasts,2023,English,"Sci-Fi, Adventure",09-06-2023,127,"Skydance Media, Paramount Pictures",Steven Caple Jr.,"Anthony Ramos, Dominique Fishback"
The Equalizer 3,2023,English,"Action, Thriller",30-08-2023,109,"Columbia Pictures, Eagle Pictures",Antoine Fuqua,"Denzel Washington, Dakota Fanning"
Aquaman and the Lost Kingdom,2023,English,"Action, Adventure",20-12-2023,124,"Warner Bros. Pictures, The Safran Company",James Wan,"Jason Momoa, Patrick Wilson"
Indiana Jones and the Dial of Destiny,2023,English,"Adventure, Action",25-06-2023,155,Lucasfilm Ltd.,James Mangold,"Harrison Ford, Phoebe Waller-Bridge"
Expend4bles,2023,English,"Action, Adventure",15-09-2023,103,"Millennium Media, Campbell Grobman Films",Scott Waugh,"Jason Statham, 50 Cent"
Wonka,2023,English,Fantasy,08-12-2023,117,"Warner Bros. Pictures, Village Roadshow Pictures",Paul King,"Timothée Chalamet, Calah Lane"
Saltburn,2023,English,Thriller,16-11-2023,131,"LuckyChap Entertainment, MRC",Emerald Fennell,"Barry Keoghan, Jacob Elordi"
Dungeons & Dragons: Honor Among Thieves,2023,English,"Adventure, Fantasy",23-03-2023,134,"Entertainment One, Paramount Pictures","Jonathan Goldstein, John Francis Daley","Chris Pine, Michelle Rodriguez"
Wish,2023,English,"Animation, Fantasy",13-11-2023,95,Walt Disney Animation Studios,"Fawn Veerasunthorn, Chris Buck","Ariana DeBose, Chris Pine"
Teenage Mutant Ninja Turtles: Mutant Mayhem,2023,English,"Animation, Action",31-07-2023,100,"Paramount Pictures, Nickelodeon Movies",Jeff Rowe,"Micah Abbey, Shamon Brown Jr."
PAW Patrol: The Mighty Movie,2023,English,"Adventure, Animation",13-10-2023,87,"Nickelodeon Movies, Spin Master",Cal Brunker,"Mckenna Grace, Taraji P. Henson"
Totally Killer,2023,English,Sci-Fi,28-09-2023,105,"Blumhouse Television, Divide / Conquer",Nahnatchka Khan,"Kiernan Shipka, Olivia Holt"
The Marvels,2023,English,"Sci-Fi, Adventure",08-11-2023,105,"Marvel Studios, Kevin Feige Productions",Nia DaCosta,"Brie Larson, Teyonah Parris"
Trolls Band Together,2023,English,"Animation, Fantasy",17-11-2023,91,DreamWorks Animation,Walt Dohrn,"Anna Kendrick, Justin Timberlake"
Leo,2023,English,Animation,17-11-2023,102,"Happy Madison Productions, Animal Logic","Robert Marianetti, Robert Smigel","Adam Sandler, Bill Burr"
The Little Mermaid,2023,English,"Adventure, Fantasy",30-05-2023,98,"The Asylum, The Global Asylum, LLC.",Michael Johnson,"Sonya Krueger, Dee Wallace"
Insidious: The Red Door,2023,English,Thriller,07-07-2023,107,"Blumhouse Productions, Stage 6 Films",Patrick Wilson,"Ty Simpkins, Patrick Wilson"
The Creator,2023,English,"Sci-Fi, Action",29-09-2023,134,"New Regency Pictures, Entertainment One",Gareth Edwards,"John David Washington, Madeleine Yuna Voyles"
Creed III,2023,English,Action,01-03-2023,116,"Metro-Goldwyn-Mayer, Chartoff-Winkler Productions",Michael B. Jordan,"Michael B. Jordan, Tessa Thompson"
Extraction 2,2023,English,"Action, Thriller",09-06-2023,122,"AGBO, TGIM Films",Sam Hargrave,"Chris Hemsworth, Golshifteh Farahani"
Ant-Man and the Wasp: Quantumania,2023,English,"Action, Adventure",17-02-2023,125,"Marvel Studios, Kevin Feige Productions",Peyton Reed,"Paul Rudd, Evangeline Lilly"
The Wrath of Becky,2023,English,"Action, Thriller",26-05-2023,83,"Post Film, BoulderLight Pictures","Suzanne Coote, Matt Angel","Lulu Wilson, Seann William Scott"
Gran Turismo,2023,English,"Adventure, Action",25-08-2023,135,"PlayStation Productions, 2.0 Entertainment",Neill Blomkamp,"Archie Madekwe, David Harbour"
Knights of the Zodiac,2023,English,"Fantasy, Action",27-04-2023,113,"Stage 6 Films, Toei Animation",Tomek Bagiński,"Mackenyu, Madison Iseman"
The Wonderful World of Mickey Mouse: Steamboat Silly,2023,English,Animation,28-07-2023,9,Disney Television Animation,Eddie Trigueros,"Chris Diamantopoulos, Tony Anselmo"
Shazam! Fury of the Gods,2023,English,"Action, Fantasy",15-03-2023,130,"New Line Cinema, The Safran Company",David F. Sandberg,"Zachary Levi, Asher Angel"
Freelance,2023,English,Action,05-10-2023,108,"Endurance Media, AGC Studios",Pierre Morel,"John Cena, Alison Brie"
To Catch a Killer,2023,English,Thriller,02-06-2023,119,"FilmNation Entertainment, RainMaker Films",Damián Szifron,"Shailene Woodley, Ben Mendelsohn"
Plane,2023,English,"Action, Adventure",13-01-2023,107,"MadRiver Pictures, di Bonaventura Pictures",Jean-François Richet,"Gerard Butler, Mike Colter"
The Hunger Games: The Ballad of Songbirds & Snakes,2023,English,"Sci-Fi, Adventure",17-11-2023,157,"Lionsgate, Color Force",Francis Lawrence,"Tom Blyth, Rachel Zegler"
The Loch Ness Horror,2023,English,Sci-Fi,07-11-2023,79,Dark Abyss Productions,Tyler-James,"Becca Hirani, Tara MacGowran"
The Last Kingdom: Seven Kings Must Die,2023,English,"Action, Adventure",14-04-2023,111,Carnival Films,Edward Bazalgette,"Alexander Dreymon, Harry Gilby"
Guy Ritchie's The Covenant,2023,English,"Action, Thriller",19-04-2023,123,"STXfilms, Toff Guy Films",Guy Ritchie,"Jake Gyllenhaal, Dar Salim"
Blue Beetle,2023,English,"Action, Sci-Fi",18-08-2023,128,"Warner Bros. Pictures, The Safran Company",Ángel Manuel Soto,"Xolo Mariduena, Bruna Marquezine"
Chicken Run: Dawn of the Nugget,2023,English,"Animation, Adventure",08-12-2023,101,Aardman,Sam Fell,"Thandiwe Newton, Zachary Levi"
The Killer,2023,English,Thriller,25-10-2023,118,Netflix,David Fincher,"Michael Fassbender, Tilda Swinton"
Sound of Freedom,2023,English,Action,03-07-2023,131,Santa Fe Films,Alejandro Monteverde,"Jim Caviezel, Mira Sorvino"
Influencer,2023,English,Thriller,18-05-2023,92,"Octane Entertainment, Superchill",Kurtis David Harder,"Cassandra Naud, Emily Tennant"
The Island,2023,English,"Action, Thriller",21-07-2023,93,MSR Media SKN,Shaun Paul Piccinino,"Michael Jai White, Jackson Rathbone"
Last Sentinel,2023,English,"Sci-Fi, Thriller",17-03-2023,112,"Allfilm, Sentinel Entertainment",Tanel Toom,"Kate Bosworth, Lucien Laviscount"
Little Bone Lodge,2023,English,Thriller,23-11-2023,93,"Particular Crowd, SC Films International",Matthias Hoene,"Joely Richardson, Sadie Soverall"
Righteous Thieves,2023,English,"Action, Thriller",10-03-2023,91,Broken English Productions,Anthony Nardolillo,"Lisa Vidal, Cam Gigandet"
The Last Voyage of the Demeter,2023,English,Fantasy,11-08-2023,119,"Phoenix Pictures, DreamWorks Pictures",André Øvredal,"Corey Hawkins, Aisling Franciosi"
"Ruby Gillman, Teenage Kraken",2023,English,"Animation, Fantasy",28-06-2023,91,DreamWorks Animation,Kirk DeMicco,"Lana Condor, Toni Collette"
Teen Wolf: The Movie,2023,English,"Action, Fantasy",18-01-2023,140,"MTV Entertainment Studios, MGM Television",Russell Mulcahy,"Tyler Posey, Crystal Reed"
Kandahar,2023,English,"Action, Thriller",25-05-2023,119,"Thunder Road, G-BASE",Ric Roman Waugh,"Gerard Butler, Navid Negahban"
The Devil Conspiracy,2023,English,"Fantasy, Sci-Fi",13-01-2023,111,"Czech Anglo Pictures, Third Day Production",Nathan Frankowski,"Alice Orr-Ewing, Joe Doyle"
Mob Land,2023,English,"Action, Thriller",04-08-2023,111,"308 Enterprises, TPC",Nicholas Maggio,"John Travolta, Shiloh Fernandez"
Tetris,2023,English,Thriller,15-03-2023,118,"Marv, AI Film",Jon S. Baird,"Taron Egerton, Nikita Efremov"
The Exorcist: Believer,2023,English,Thriller,06-10-2023,111,"Universal Pictures, Blumhouse Productions",David Gordon Green,"Leslie Odom Jr., Lidya Jewett"
Family Switch,2023,English,Fantasy,30-11-2023,106,"Linden Entertainment, Grey Matter Productions",McG,"Jennifer Garner, Ed Helms"
The Pope's Exorcist,2023,English,Thriller,07-04-2023,103,"Screen Gems, 2.0 Entertainment",Julius Avery,"Russell Crowe, Daniel Zovatto"
Hidden Strike,2023,English,"Action, Thriller",06-07-2023,103,"Talent International Media, XYZ Films",Scott Waugh,"Jackie Chan, John Cena"
Black Lotus,2023,English,"Action, Thriller",12-04-2023,93,"Capstone Pictures, Interstellar Pictures",Todor Chapkanov,"Rico Verhoeven, Frank Grillo"
Legion of Super-Heroes,2023,English,"Animation, Action",07-02-2023,84,"Warner Bros. Animation, DC Entertainment",Jeff Wamester,"Meg Donnelly, Harry Shum Jr."
Transmorphers: Mech Beasts,2023,English,"Action, Sci-Fi",09-06-2023,84,The Asylum,Michael Su,"Tom Arnold, Tania Fox"
War of the Worlds: The Attack,2023,English,"Sci-Fi, Thriller",21-04-2023,87,"Doorbell Productions, Lola's Productions",Junaid Syed,"Sam Gittins, Leo Staar"
Diary of a Wimpy Kid Christmas: Cabin Fever,2023,English,Animation,07-12-2023,64,"Walt Disney Pictures, Bardel Entertainment",Luke Cormican,"Wesley Kimmel, Erica Cerra"
Dark Harvest,2023,English,"Fantasy, Thriller",11-10-2023,96,"Matt Tolmach Productions, Metro-Goldwyn-Mayer",David Slade,"Casey Likes, Emyri Crutchfield"
Once Upon a Studio,2023,English,"Animation, Fantasy",24-09-2023,9,"Walt Disney Animation Studios, Walt Disney Pictures","Trent Correy, Dan Abraham","Chris Diamantopoulos, Kaitlyn Robrock"
Rebel Moon - Part One: A Child of Fire,2023,English,"Sci-Fi, Action",15-12-2023,134,"The Stone Quarry, Grand Electric",Zack Snyder,"Sofia Boutella, Michiel Huisman"
The Shepherd,2023,English,"Fantasy, Action",10-08-2023,39,"Argo Films, BKStudios",Iain Softley,"Ben Radcliffe, John Travolta"
The Siege,2023,English,"Action, Thriller",10-03-2023,97,MSR Media SKN,Brad Watson,"Daniel Stisen, Lauren Okadigbo"
No One Will Save You,2023,English,Sci-Fi,21-09-2023,93,"20th Century Studios, Star Thrower Entertainment",Brian Duffield,"Kaitlyn Dever, Elizabeth Kaluev"
Leave the World Behind,2023,English,Thriller,22-11-2023,142,"Esmail Corp, Red Om Films",Sam Esmail,"Julia Roberts, Ethan Hawke"
All of Us Strangers,2023,English,Fantasy,22-12-2023,105,"Film4 Productions, Blueprint Pictures",Andrew Haigh,"Andrew Scott, Paul Mescal"
Boston Strangler,2023,English,Thriller,16-03-2023,113,"20th Century Studios, LuckyChap Entertainment",Matt Ruskin,"Keira Knightley, Carrie Coon"
Craig Before the Creek,2023,English,"Animation, Adventure",11-12-2023,88,Cartoon Network Studios,"Matt Burnett, Ben Levin","Philip Solomon, Noël Wells"
Goldilocks and the Three Bears: Death & Porridge,2024,English,Thriller,05-06-2024,83,High Fliers Films,Craig Rees,"Olga Solo, Abigail Huxley"
Fight Another Day,2024,English,Action,09-10-2024,108,"High Star Entertainment, Kemodo Entertainment",James Mark,"Jim Belushi, Martin Kove"
The Substance,2024,English,Sci-Fi,07-09-2024,141,"Working Title Films, Blacksmith",Coralie Fargeat,"Demi Moore, Margaret Qualley"
Moana 2,2024,English,"Adventure, Animation",21-11-2024,100,"Walt Disney Animation Studios, Walt Disney Animation Studios","David G. Derrick Jr., Jason Hand","Auliʻi Cravalho, Dwayne Johnson"
Deadpool & Wolverine,2024,English,"Action, Sci-Fi",26-07-2024,128,"Marvel Studios, Maximum Effort",Shawn Levy,"Ryan Reynolds, Hugh Jackman"
Inside Out 2,2024,English,"Animation, Adventure",14-06-2024,97,Pixar,Kelsey Mann,"Amy Poehler, Maya Hawke"
Gypsy Moon,2024,English,"Fantasy, Thriller",14-02-2024,80,Rising Sun Media,Tony Gibson,"Tony Gibson, Lauren Lox"
Despicable Me 4,2024,English,"Animation, Sci-Fi",03-07-2024,94,"Universal Pictures, Illumination",Chris Renaud,"Steve Carell, Kristen Wiig"
The Day the Earth Blew Up: A Looney Tunes Movie,2024,English,"Adventure, Animation",14-03-2025,90,Warner Bros. Animation,Peter Browngardt,"Eric Bauza, Candi Milo"
Sonic the Hedgehog 3,2024,English,"Action, Sci-Fi",03-01-2025,110,"Paramount Pictures, Original Film",Jeff Fowler,"Jim Carrey, Ben Schwartz"
Venom: The Last Dance,2024,English,"Action, Sci-Fi",25-10-2024,109,"Columbia Pictures, Pascal Pictures",Kelly Marcel,"Tom Hardy, Chiwetel Ejiofor"
The Wild Robot,2024,English,"Animation, Sci-Fi",12-09-2024,102,DreamWorks Animation,Chris Sanders,"Lupita Nyong'o, Pedro Pascal"
Kung Fu Panda 4,2024,English,"Animation, Action",02-03-2024,94,DreamWorks Animation,Mike Mitchell,"Jack Black, Awkwafina"
Road House,2024,English,"Action, Thriller",08-03-2024,121,"Silver Pictures, Amazon MGM Studios",Doug Liman,"Jake Gyllenhaal, Billy Magnussen"
Wicked,2024,English,Fantasy,22-11-2024,162,"Universal Pictures, Marc Platt Productions",Jon M. Chu,"Cynthia Erivo, Ariana Grande"
The Beekeeper,2024,English,"Action, Thriller",19-01-2024,106,"Miramax, Cedar Park Entertainment",David Ayer,"Jason Statham, Emmy Raver-Lampman"
Terrifier 3,2024,English,Thriller,09-10-2024,125,"Cineverse, Bloody Disgusting",Damien Leone,"Lauren LaVera, David Howard Thornton"
Kraven the Hunter,2024,English,"Action, Adventure",01-01-2025,127,"Columbia Pictures, Matt Tolmach Productions",J.C. Chandor,"Aaron Taylor-Johnson, Ariana DeBose"
Mufasa: The Lion King,2024,English,"Adventure, Animation",20-12-2024,118,Walt Disney Pictures,Barry Jenkins,"Aaron Pierre, Kelvin Harrison, Jr."
Red One,2024,English,"Action, Fantasy",15-11-2024,124,"Seven Bucks Productions, The Detective Agency",Jake Kasdan,"Dwayne Johnson, Chris Evans"
Alien: Romulus,2024,English,Sci-Fi,23-08-2024,119,"20th Century Studios, Scott Free Productions",Fede Álvarez,"Cailee Spaeny, David Jonsson"
Stockholm Bloodbath,2024,English,"Action, Adventure",19-01-2024,145,"Viaplay Studios, Nordisk Film Sweden",Mikael Håfström,"Sophie Cookson, Claes Bang"
Jurassic Triangle,2024,English,"Action, Sci-Fi",13-02-2024,84,Proportion Productions,Victor De Almeida,"Chrissie Wunna, Amelie Leroy"
Get Fast,2024,English,"Action, Thriller",12-12-2024,88,"Play by Play Entertainment, Greendale Productions",James Clayton,"James Clayton, Lou Diamond Phillips"
Furiosa: A Mad Max Saga,2024,English,"Action, Sci-Fi",22-05-2024,149,"Warner Bros. Pictures, Kennedy Miller Mitchell",George Miller,"Anya Taylor-Joy, Chris Hemsworth"
Godzilla x Kong: The New Empire,2024,English,"Action, Adventure",29-03-2024,115,Legendary Pictures,Adam Wingard,"Rebecca Hall, Brian Tyree Henry"
Dune: Part Two,2024,English,"Sci-Fi, Adventure",01-03-2024,167,Legendary Pictures,Denis Villeneuve,"Timothée Chalamet, Zendaya"
Humane,2024,English,"Sci-Fi, Thriller",26-04-2024,93,"Victory Man, Elevation Pictures",Caitlin Cronenberg,"Jay Baruchel, Emily Hampshire"
Bad Boys: Ride or Die,2024,English,"Action, Thriller",14-06-2024,115,"Westbrook, Columbia Pictures","Adil El Arbi, Bilall Fallah","Will Smith, Martin Lawrence"
Nosferatu,2024,English,Fantasy,10-01-2025,133,"Focus Features, Studio 8",Robert Eggers,"Lily-Rose Depp, Nicholas Hoult"
The Garfield Movie,2024,English,"Adventure, Animation",30-04-2024,100,"Alcon Entertainment, DNEG",Mark Dindal,"Chris Pratt, Samuel L. Jackson"
Gladiator II,2024,English,"Action, Adventure",15-11-2024,148,"Paramount Pictures, Scott Free Productions",Ridley Scott,"Paul Mescal, Denzel Washington"
The Strangers: Chapter 1,2024,English,Thriller,15-05-2024,91,"Fifth Element Productions, Sherbone Media",Renny Harlin,"Madelaine Petsch, Froy Gutierrez"
My Freaky Family,2024,English,"Animation, Fantasy",25-04-2024,86,"Pop Family Entertainment, Telegael",Mark Gravas,"Evanna Lynch, Miranda Otto"
Compulsion,2024,English,Thriller,10-11-2024,101,"Cork Films, Do Productions",Neil Marshall,"Anna-Maria Sieklucka, Charlotte Kirk"
Angels Fallen: Warriors of Peace,2024,English,"Action, Fantasy",09-07-2024,103,"AZ Film Studios, Bossa Nova Productions",Ali Zamani,"Josh Burdett, Arifin Putra"
Long Distance,2024,English,"Sci-Fi, Action",12-07-2024,87,"DreamWorks Pictures, Reliance Entertainment","Josh Gordon, Will Speck","Anthony Ramos, Naomi Scott"
Kingdom of the Planet of the Apes,2024,English,"Sci-Fi, Adventure",08-05-2024,145,"20th Century Studios, Oddball Entertainment",Wes Ball,"Owen Teague, Freya Allan"
The Crow,2024,English,"Action, Fantasy",23-08-2024,111,"Davis Films, Pressman Film",Rupert Sanders,"Bill Skarsgård, FKA twigs"
Beetlejuice Beetlejuice,2024,English,Fantasy,04-09-2024,105,"Warner Bros. Pictures, Geffen Pictures",Tim Burton,"Michael Keaton, Winona Ryder"
The Ministry of Ungentlemanly Warfare,2024,English,Action,18-04-2024,120,"Jerry Bruckheimer Films, Black Bear Pictures",Guy Ritchie,"Henry Cavill, Eiza González"
Civil War,2024,English,Action,19-04-2024,109,"DNA Films, IPR.VC",Alex Garland,"Kirsten Dunst, Wagner Moura"
Elevation,2024,English,"Action, Sci-Fi",07-11-2024,91,"Lyrical Media, Grinder Monkey",George Nolfi,"Anthony Mackie, Morena Baccarin"
Heretic,2024,English,Thriller,13-12-2024,111,"A24, Beck/Woods","Scott Beck, Bryan Woods","Hugh Grant, Sophie Thatcher"
Transformers One,2024,English,"Animation, Sci-Fi",11-09-2024,104,"Paramount Animation, di Bonaventura Pictures",Josh Cooley,"Chris Hemsworth, Brian Tyree Henry"
Longlegs,2024,English,Thriller,12-07-2024,101,"C2 Motion Picture Group, Saturn Films",Osgood Perkins,"Maika Monroe, Nicolas Cage"
Carry-On,2024,English,"Thriller, Action",05-12-2024,120,"Dylan Clark Productions, DreamWorks Pictures",Jaume Collet-Serra,"Taron Egerton, Jason Bateman"
Memoir of a Snail,2024,English,Animation,17-10-2024,94,"Arenamedia, MIFF Premiere Fund",Adam Elliot,"Sarah Snook, Kodi Smit-McPhee"
The Island of Lost Girls,2024,English,"Adventure, Thriller",19-12-2024,104,Treehouse Mafia Productions,"Ann-Marie Schmidt, Brian Schmidt","Avila Schmidt, Autumn Schmidt"
Murder Company,2024,English,Action,05-07-2024,86,"Complex Corp, Maverick Film",Shane Dax Taylor,"Kelsey Grammer, William Moseley"
Abigail,2024,English,Thriller,16-04-2024,109,"Project X Entertainment, Radio Silence","Matt Bettinelli-Olpin, Tyler Gillett","Melissa Barrera, Dan Stevens"
Subservience,2024,English,"Sci-Fi, Thriller",15-08-2024,105,"Millennium Media, Campbell Grobman Films",SK Dale,"Megan Fox, Michele Morrone"
Speak No Evil,2024,English,Thriller,11-09-2024,110,Blumhouse Productions,James Watkins,"James McAvoy, Mackenzie Davis"
The Twisters,2024,English,"Action, Adventure",28-06-2024,87,"Atomic Blonde Entertainment, The Global Asylum, LLC.",Michael Su,"Tiffany, Mark Justice"
Dirty Angels,2024,English,"Action, Thriller",11-12-2024,104,"Millennium Media, Nu Boyana Film Studios",Martin Campbell,"Eva Green, Maria Bakalova"
Blink Twice,2024,English,Thriller,21-08-2024,102,"Free Association, This Is Important",Zoë Kravitz,"Naomi Ackie, Channing Tatum"
Conclave,2024,English,Thriller,07-02-2025,120,"FilmNation Entertainment, Indian Paintbrush",Edward Berger,"Ralph Fiennes, Stanley Tucci"
IF,2024,English,Fantasy,08-05-2024,104,"Paramount Pictures, Sunday Night Productions",John Krasinski,"Cailey Fleming, Ryan Reynolds"
Twisters,2024,English,"Action, Thriller",18-07-2024,123,"Universal Pictures, Warner Bros. Pictures",Lee Isaac Chung,"Daisy Edgar-Jones, Glen Powell"
A Quiet Place: Day One,2024,English,"Sci-Fi, Thriller",26-06-2024,100,"Paramount Pictures, Platinum Dunes",Michael Sarnoski,"Lupita Nyong'o, Joseph Quinn"
Damsel,2024,English,"Fantasy, Action",07-03-2024,107,"PCMA Productions, Roth-Kirschenbaum Films",Juan Carlos Fresnadillo,"Millie Bobby Brown, Brooke Carter"
The Fall Guy,2024,English,Action,24-04-2024,127,"87North Productions, Entertainment 360",David Leitch,"Ryan Gosling, Emily Blunt"
Descendants: The Rise of Red,2024,English,"Fantasy, Adventure",11-07-2024,92,"Suzanne Todd Productions, Potato Monkey Productions",Jennifer Phang,"Kylie Cantrall, Malia Baker"
Strange Darling,2024,English,Thriller,14-08-2024,98,"Miramax, Spooky Pictures",JT Mollner,"Willa Fitzgerald, Kyle Gallner"
Arcadian,2024,English,"Action, Thriller",12-04-2024,92,"Highland Film Group, Redline Entertainment",Benjamin Brewer,"Nicolas Cage, Jaeden Martell"
The Green Dinosaur,2024,English,"Animation, Adventure",04-10-2024,94,"Human, Telewizja Polska",Wojtek Wawszczyk,"Mikołaj Wachowski, Borys Szyc"
Jackpot!,2024,English,Action,13-08-2024,107,"Roth-Kirschenbaum Films, Feigco Entertainment",Paul Feig,"Awkwafina, John Cena"
The Lord of the Rings: The War of the Rohirrim,2024,English,"Animation, Fantasy",13-12-2024,134,"New Line Cinema, Warner Bros. Animation",Kenji Kamiyama,"Brian Cox, Gaia Wise"
Land of Bad,2024,English,"Action, Thriller",16-02-2024,113,"Broken Open Pictures, Volition Media Partners",William Eubank,"Liam Hemsworth, Russell Crowe"
Atlas,2024,English,"Sci-Fi, Action",23-05-2024,120,"Safehouse Pictures, ASAP Entertainment",Brad Peyton,"Jennifer Lopez, Simu Liu"
Paddington in Peru,2024,English,Adventure,18-04-2025,106,"Kinoshita Group, Marmalade Pictures",Dougal Wilson,"Ben Whishaw, Hugh Bonneville"
Joker: Folie à Deux,2024,English,Thriller,02-10-2024,138,"Warner Bros. Pictures, Joint Effort",Todd Phillips,"Joaquin Phoenix, Lady Gaga"
MaXXXine,2024,English,Thriller,04-07-2024,103,"A24, Motel Mojave",Ti West,"Mia Goth, Elizabeth Debicki"
The Killer's Game,2024,English,"Action, Thriller",12-09-2024,104,"Dogbone Entertainment, Mad Chance",J.J. Perry,"Dave Bautista, Sofia Boutella"
Werewolves,2024,English,"Action, Thriller",04-12-2024,93,"The Solution, Monty the Dog Productions",Steven C. Miller,"Frank Grillo, Katrina Law"
Weekend in Taipei,2024,English,"Action, Adventure",19-09-2024,101,"EuropaCorp, Kinology",George Huang,"Luke Evans, Gwei Lun-Mei"
Electra,2024,English,Thriller,09-02-2024,85,"Ring Film, Yale Entertainment",Hala Matar,"Maria Bakalova, Jack Farthing"
Immaculate,2024,English,Thriller,20-03-2024,89,"Black Bear Pictures, Fifty-Fifty Films",Michael Mohan,"Sydney Sweeney, Álvaro Morte"
Juror #2,2024,English,Thriller,30-10-2024,114,"Warner Bros. Pictures, Malpaso Productions",Clint Eastwood,"Nicholas Hoult, Toni Collette"
Rebel Ridge,2024,English,"Action, Thriller",27-08-2024,132,"filmscience, Bonneville Pictures",Jeremy Saulnier,"Aaron Pierre, Don Johnson"
Madame Web,2024,English,"Action, Fantasy",16-02-2024,117,"Columbia Pictures, di Bonaventura Pictures",S.J. Clarkson,"Dakota Johnson, Sydney Sweeney"
Trap,2024,English,Thriller,31-07-2024,105,Blinding Edge Pictures,M. Night Shyamalan,"Josh Hartnett, Ariel Donoghue"
Beverly Hills Cop: Axel F,2024,English,Action,20-06-2024,118,"Don Simpson/Jerry Bruckheimer Films, Eddie Murphy Productions",Mark Molloy,"Eddie Murphy, Joseph Gordon-Levitt"
Utopia,2024,English,"Thriller, Action",09-12-2024,93,SP Media Group,James Bamford,"Moe Dunford, Charlotte Vega"
Borderlands,2024,English,"Action, Sci-Fi",07-08-2024,101,"Lionsgate, Arad Productions",Eli Roth,"Cate Blanchett, Kevin Hart"
Ghostbusters: Frozen Empire,2024,English,"Fantasy, Adventure",19-04-2024,115,"Ghost Corps, Columbia Pictures",Gil Kenan,"Mckenna Grace, Paul Rudd"
Captain Hook - The Cursed Tides,2025,English,"Adventure, Action",11-07-2025,90,Rêvasser Films,Lars Janssen,"Sean Cronin, Ewen Weatherburn"
War of the Worlds,2025,English,"Sci-Fi, Thriller",29-07-2025,91,"Universal Pictures, Bazelevs",Rich Lee,"Ice Cube, Eva Longoria"
Stolen Girl,2025,English,"Thriller, Action",04-09-2025,110,"Voltage Pictures, Vigorous Pictures",James Kent,"Kate Beckinsale, Scott Eastwood"
Hunting Grounds,2025,English,"Action, Thriller",16-05-2025,89,"Kemodo Entertainment, High Star Entertainment",Derek Barnes,"Emily Alatalo, Tim Rozon"
The Long Walk,2025,English,"Thriller, Sci-Fi",10-09-2025,109,"Lionsgate, about:blank",Francis Lawrence,"Cooper Hoffman, David Jonsson"
Black Phone 2,2025,English,Thriller,17-10-2025,114,"Blumhouse Productions, Universal Pictures",Scott Derrickson,"Ethan Hawke, Mason Thames"
The Strangers: Chapter 2,2025,English,Thriller,26-09-2025,98,"Lionsgate, Fifth Element Productions",Renny Harlin,"Madelaine Petsch, Froy Gutierrez"
The Twits,2025,English,"Animation, Fantasy",17-10-2025,99,"Jellyfish Pictures, The Roald Dahl Story Company",Phil Johnston,"Margo Martindale, Johnny Vegas"
The Toxic Avenger Unrated,2025,English,"Action, Sci-Fi",28-08-2025,102,"Legendary Pictures, Troma Entertainment",Macon Blair,"Peter Dinklage, Jacob Tremblay"
The Fantastic 4: First Steps,2025,English,"Sci-Fi, Adventure",25-07-2025,115,"Marvel Studios, Kevin Feige Productions",Matt Shakman,"Pedro Pascal, Vanessa Kirby"
The Astronaut,2025,English,"Sci-Fi, Thriller",26-09-2025,90,"Fuller Media, The Wonder Company",Jess Varley,"Kate Mara, Laurence Fishburne"
KPop Demon Hunters,2025,English,"Fantasy, Animation",20-06-2025,96,Sony Pictures Animation,"Chris Appelhans, Maggie Kang","Arden Cho, May Hong"
The Lost Princess,2025,English,"Action, Adventure",16-10-2025,105,"H Films, LineDrive Studio",Hicham Hajji,"Cillian O'Sullivan, Gary Dourdan"
Mission: Impossible - The Final Reckoning,2025,English,"Action, Adventure",17-05-2025,170,"Paramount Pictures, Skydance Media",Christopher McQuarrie,"Tom Cruise, Hayley Atwell"
Primitive War,2025,English,Action,01-09-2025,133,Sparke Films,Luke Sparke,"Jeremy Piven, Tricia Helfer"
Superman,2025,English,"Sci-Fi, Adventure",11-07-2025,130,"DC Studios, Troll Court Entertainment",James Gunn,"David Corenswet, Rachel Brosnahan"
The Woman in Cabin 10,2025,English,Thriller,09-10-2025,95,"SISTER, CBS Films",Simon Stone,"Keira Knightley, Guy Pearce"
V/H/S/HALLOWEEN,2025,English,Thriller,19-09-2025,115,"Shudder, Cinepocalypse","Bryan M. Ferguson, Casper Kelly","Lawson Greyson, Sarah Nicklin"
Prisoner of War,2025,English,"Action, Thriller",19-09-2025,113,"Well Go USA Entertainment, Brand in Motion",Louis Mandylor,"Scott Adkins, Peter Shinkoda"
TRON: Ares,2025,English,"Sci-Fi, Adventure",10-10-2025,119,"Walt Disney Pictures, Sean Bailey Productions",Joachim Rønning,"Jared Leto, Greta Lee"
Night of the Reaper,2025,English,Thriller,16-10-2025,93,"Not the Funeral Home, Superchill",Brandon Christensen,"Jessica Clement, Ryan Robbins"
Bambi: The Reckoning,2025,English,Thriller,11-07-2025,80,Jagged Edge Productions,Dan Allen,"Roxanne McKee, Tom Mulheron"
The Hand That Rocks the Cradle,2025,English,Thriller,21-10-2025,102,"20th Century Studios, Radar Pictures",Michelle Garza Cervera,"Maika Monroe, Mary Elizabeth Winstead"
Jurassic World Rebirth,2025,English,"Sci-Fi, Adventure",04-07-2025,134,"Universal Pictures, Amblin Entertainment",Gareth Edwards,"Scarlett Johansson, Mahershala Ali"
Vicious,2025,English,Thriller,19-09-2025,98,"Atlas Independent, Paramount Pictures",Bryan Bertino,"Dakota Fanning, Kathryn Hunter"
Valiant One,2025,English,"Thriller, Action",30-01-2025,86,"Monarch Media, Goldmann Pictures",Steve Barnett,"Chase Stokes, Lana Condor"
One Battle After Another,2025,English,"Action, Thriller",26-09-2025,162,"Warner Bros. Pictures, Ghoulardi Film Company",Paul Thomas Anderson,"Leonardo DiCaprio, Sean Penn"
How to Train Your Dragon,2025,English,"Fantasy, Action",13-06-2025,125,"DreamWorks Animation, Marc Platt Productions",Dean DeBlois,"Mason Thames, Nico Parker"
F1,2025,English,Action,27-06-2025,156,"Plan B Entertainment, Jerry Bruckheimer Films",Joseph Kosinski,"Brad Pitt, Damson Idris"
Gabby's Dollhouse: The Movie,2025,English,"Adventure, Animation",17-10-2025,98,"Universal Pictures, DreamWorks Animation",Ryan Crego,"Laila Lockhart Kraner, Gloria Estefan"
The Bad Guys 2,2025,English,"Adventure, Animation",01-08-2025,103,DreamWorks Animation,Pierre Perifel,"Sam Rockwell, Marc Maron"
Lilo & Stitch,2025,English,"Sci-Fi, Adventure",23-05-2025,108,"Walt Disney Pictures, Rideback",Dean Fleischer Camp,"Maia Kealoha, Sydney Agudong"
Nobody 2,2025,English,"Action, Thriller",22-08-2025,89,"Universal Pictures, 87North Productions",Timo Tjahjanto,"Bob Odenkirk, Connie Nielsen"
A Big Bold Beautiful Journey,2025,English,Fantasy,19-09-2025,109,"Imperative Entertainment, 30WEST",Kogonada,"Colin Farrell, Margot Robbie"
Dead of Winter,2025,English,Thriller,23-09-2025,98,"Stampede Ventures, Augenschein Filmproduktion",Brian Kirk,"Emma Thompson, Judy Greer"
Ballerina,2025,English,"Action, Thriller",12-06-2025,125,"Thunder Road, 87Eleven",Len Wiseman,"Ana de Armas, Keanu Reeves"
Elio,2025,English,"Adventure, Animation",20-06-2025,98,Pixar,"Madeline Sharafian, Domee Shi","Yonas Kibreab, Remy Edgerly"
Ice Road: Vengeance,2025,English,"Action, Thriller",27-06-2025,113,"Code Entertainment, Shivhans Pictures",Jonathan Hensleigh,"Liam Neeson, Fan Bingbing"
The Naked Gun,2025,English,Action,01-08-2025,85,"Fuzzy Door Productions, Paramount Pictures",Akiva Schaffer,"Liam Neeson, Pamela Anderson"
The Lost Bus,2025,English,Thriller,19-09-2025,130,"Blumhouse Productions, Comet Pictures",Paul Greengrass,"Matthew McConaughey, America Ferrera"
M3GAN 2.0,2025,English,"Action, Sci-Fi",27-06-2025,120,"Blumhouse Productions, Atomic Monster",Gerard Johnstone,"Allison Williams, Violet McGraw"
A Working Man,2025,English,"Action, Thriller",26-03-2025,116,"Cedar Park Entertainment, BlockFilm",David Ayer,"Jason Statham, Jason Flemyng"
The Gorge,2025,English,"Sci-Fi, Thriller",13-02-2025,127,"Skydance Media, Crooked Highway",Scott Derrickson,"Miles Teller, Anya Taylor-Joy"
The Perfect Neighbor,2025,English,Thriller,10-10-2025,98,"Park Pictures Features, Message Pictures",Geeta Gandbhir,"Susan Lorincz, Ajike AJ Owens"
Thunderbolts*,2025,English,"Action, Sci-Fi",01-05-2025,127,"Marvel Studios, Kevin Feige Productions",Jake Schreier,"Florence Pugh, Sebastian Stan"
Red Sonja,2025,English,"Adventure, Action",31-07-2025,110,"Millennium Media, Mark Canton Productions",MJ Bassett,"Matilda Lutz, Robert Sheehan"
A Minecraft Movie,2025,English,"Fantasy, Adventure",04-04-2025,101,"Warner Bros. Pictures, Legendary Pictures",Jared Hess,"Jason Momoa, Jack Black"
Karate Kid: Legends,2025,English,"Action, Adventure",30-05-2025,94,"Columbia Pictures, Sunswept Entertainment",Jonathan Entwistle,"Jackie Chan, Ben Wang"
I Know What You Did Last Summer,2025,English,Thriller,16-07-2025,111,"Columbia Pictures, Mandalay Pictures",Jennifer Kaytin Robinson,"Joshua Orpin, Freddie Prinze Jr."
Smurfs,2025,English,"Animation, Fantasy",18-07-2025,89,"Paramount Animation, Marcy Media",Chris Miller,"Rihanna, James Corden"
Frankenstein,2025,English,Sci-Fi,17-10-2025,150,"Double Dare You, Demilo Films",Guillermo del Toro,"Oscar Isaac, Jacob Elordi"
Freakier Friday,2025,English,Fantasy,06-08-2025,111,"Walt Disney Pictures, Burr! Productions",Nisha Ganatra,"Lindsay Lohan, Jamie Lee Curtis"
28 Years Later,2025,English,"Thriller, Sci-Fi",20-06-2025,115,"Columbia Pictures, DNA Films",Danny Boyle,"Jodie Comer, Alfie Williams"
Sinners,2025,English,"Action, Thriller",18-04-2025,138,"Warner Bros. Pictures, Proximity Media",Ryan Coogler,"Michael B. Jordan, Hailee Steinfeld"
Heads of State,2025,English,"Action, Thriller",24-06-2025,117,"The Safran Company, Big Indie Pictures",Ilya Naishuller,"John Cena, Idris Elba"
Caught Stealing,2025,English,Thriller,26-08-2025,107,"Protozoa Pictures, TSG Entertainment",Darren Aronofsky,"Austin Butler, Regina King"
Predator: Killer of Killers,2025,English,"Animation, Action",05-06-2025,85,"20th Century Studios, Davis Entertainment",Dan Trachtenberg,"Lindsay LaVanchy, Louis Ozawa"
Eenie Meanie,2025,English,"Thriller, Action",21-08-2025,106,"20th Century Studios, Reese Wernick Productions",Shawn Simmons,"Samara Weaving, Karl Glusman"
Predator: Badlands,2025,English,"Action, Sci-Fi",07-11-2025,106,"20th Century Studios, Lawrence Gordon Productions",Dan Trachtenberg,"Elle Fanning, Dimitrius Schuster-Koloamatangi"
Night Carnage,2025,English,Action,29-07-2025,80,"Church Hill Productions, Lux Angeles Studios",Thomas J. Churchill,"Sadie Katz, Christian Howard"
The Accountant²,2025,English,Thriller,23-04-2025,133,"Artists Equity, 51 Entertainment",Gavin O'Connor,"Ben Affleck, Jon Bernthal"
Good Boy,2025,English,Thriller,01-10-2025,73,What’s Wrong with Your Dog,Ben Leonberg,"Indy, Shane Jensen"
Osiris,2025,English,"Sci-Fi, Action",25-07-2025,108,"Roosevelt Film Lab, Denton Film",William Kaufman,"Max Martini, Brianna Hildebrand"
The Amateur,2025,English,"Thriller, Action",10-04-2025,123,"20th Century Studios, Hutch Parker Entertainment",James Hawes,"Rami Malek, Holt McCallany"
Captain America: Brave New World,2025,English,"Action, Thriller",14-02-2025,119,"Marvel Studios, Kevin Feige Productions",Julius Onah,"Anthony Mackie, Harrison Ford"
The Pickup,2025,English,Action,27-07-2025,94,"The Story Company, Davis Entertainment",Tim Story,"Eddie Murphy, Pete Davidson"
Avatar: Fire and Ash,2025,English,"Sci-Fi, Adventure",19-12-2025,192,"20th Century Studios, Lightstorm Entertainment",James Cameron,"Sam Worthington, Zoe Saldaña"
After the Hunt,2025,English,Thriller,09-10-2025,139,"Frenesy Film, Imagine Entertainment",Luca Guadagnino,"Julia Roberts, Ayo Edebiri"
Trust,2025,English,Thriller,22-08-2025,86,"Twisted Pictures, Koulest Productions",Carlson Young,"Sophie Turner, Rhys Coiro"
Clown in a Cornfield,2025,English,Thriller,08-05-2025,96,"Temple Hill Entertainment, Rhea Films",Eli Craig,"Katie Douglas, Aaron Abrams"
Highest 2 Lowest,2025,English,Thriller,14-08-2025,133,"A24, 40 Acres and a Mule Filmworks",Spike Lee,"Denzel Washington, Jeffrey Wright"
Opus,2025,English,Thriller,13-03-2025,104,"A24, Makeready",Mark Anthony Green,"Ayo Edebiri, John Malkovich"
Companion,2025,English,"Sci-Fi, Thriller",31-01-2025,97,"BoulderLight Pictures, New Line Cinema",Drew Hancock,"Sophie Thatcher, Jack Quaid"
Afterburn,2025,English,"Sci-Fi, Action",20-08-2025,105,"Endurance Media, G-BASE",J.J. Perry,"Dave Bautista, Olga Kurylenko"
Hostile Takeover,2025,English,"Action, Thriller",08-08-2025,89,"Dovetale Media, Fun Republic Pictures",Michael Hamilton-Wright,"Michael Jai White, Aimee Stolte"
The Ritual,2025,English,Thriller,13-06-2025,98,"Cinemachineshop, Redbird Entertainment",David Midell,"Dan Stevens, Abigail Cowen"
Dangerous Animals,2025,English,Thriller,05-06-2025,98,"LD Entertainment, Brouhaha Entertainment",Sean Byrne,"Hassie Harrison, Jai Courtney"
Rumpelstiltskin,2025,English,Fantasy,08-03-2025,87,Paranoid Android Films,Andy Edwards,"Hannah Baxter-Eve, Joss Carter"
Stay,2025,English,Thriller,07-10-2025,98,Andscape,Jas Summers,"Megalyn Echikunwoke, Mo McRae"
Snow White,2025,English,Fantasy,21-03-2025,109,"Walt Disney Pictures, Marc Platt Productions",Marc Webb,"Rachel Zegler, Gal Gadot"
William Tell,2025,English,"Action, Adventure",17-01-2025,133,"Tempo Productions, Groenlandia",Nick Hamm,"Claes Bang, Connor Swindells"
A Line of Fire,2025,English,"Action, Thriller",05-04-2025,86,"Panoramic Pictures, Roaming Elephant Production",Matt Shapira,"David A.R. White, Cuba Gooding Jr."
STRAW,2025,English,Thriller,05-06-2025,105,Tyler Perry Studios,Tyler Perry,"Taraji P. Henson, Sherri Shepherd"
