Title,Year,Language,Day1_collection_cr,Banner,Release Date,Genre,Director,Runtime (min)
Antim:The Final Truth,2021,Hindi,5.03,,,,,
Mission Majnu,2023,Hindi,,RSVP,20-01-2023,"Action, Thriller",Shantanu Baagchi,
OMG 2,2023,Hindi,10.26,"Cape of Good Films, Wakaoo Films, Viacom18 Studio",11-08-2023,"Comedy, Drama",Amit Rai,156
Lipstick Under My Burkha,2017,Hindi,1.22,"Prakash Jha Productions, ALT Entertainment",21-07-2017,Drama,Alankrita Shrivastava,119
Manikarnika:The Queen of Jhansi,2019,Hindi,,,,,,
Shamshera,2022,Hindi,10.25,Yash Raj Films,22-07-2022,"Action, Drama",Karan Malhotra,158
Anaarkali of Aarah,2017,Hindi,,,,,,
The Sabarmati Report,2024,Hindi,1.3,"Balaji Telefilms Ltd, Vikir Films Production",15-11-2024,"Crime, Drama",Dheeraj Sarna,123
Barot House,2019,Hindi,,,,,,
Oye Bhootni Ke,2025,Hindi,0.001,,25-04-2025,"Horror, Comedy",Ajay Kailash Yadav,
Babumoshai Bandookbaaz,2017,Hindi,2.05,"Movies by the Mob, Gothic Entertainment",25-08-2017,"Action, Drama",Kushan Nandy,122
Dybbuk,2021,Hindi,,,,,,
Sirf Ek Bandaa Kaafi Hai,2023,Hindi,0.01,"Zee Studios, Bhanushali Studios Limited",02-06-2023,"Crime, Thriller",Apoorv Singh Karki,
Azaad,2025,Hindi,1.4,"Guy In The Sky Pictures, RSVP",17-01-2025,"Action, Drama","Abhishek Kapoor, Chandan Arora",147
Ram Ki Janmabhoomi,2019,Hindi,,,,,,
Main Ladega,2024,Hindi,0.2,Kathakaar Films,26-04-2024,"Sports, Drama",Gaurav Rana,
Ishq Forever,2016,Hindi,0.28,Friday Cine Entertainment,19-02-2016,"Drama, Romance",Sameer Sippy,125
72 Hoorain,2023,Hindi,1.25,"Saarthie Entertainment, Aliens Pictures Production",07-07-2023,"Crime, Drama",Sanjay Puran Singh Chauhan,
Pagalpanti,2019,Hindi,4.75,"Panorama Studios, T-Series Super Cassettes Industries Ltd.",22-11-2019,"Comedy, Drama",Anees Bazmee,165
Marjaavaan,2019,Hindi,7.03,"T-Series Super Cassettes Industries Ltd., Emmay Entertainment Pvt. Ltd",15-11-2019,"Action, Drama, Romance",Milap Zaveri,136
Union Leader,2018,Hindi,,Dim Light Pictures,19-01-2018,", Drama, Social",Sanjay Patel,
Gadar 2,2023,Hindi,40.1,"M M Movies, Zee Studios, Anil Sharma Productions",11-08-2023,"Action, Patriotic",Anil Sharma,170
Teraa Surroor,2016,Hindi,,"T-Series Super Cassettes Industries Ltd., HR Musik",11-03-2016,", Action, Romance",Shawn Arranha,106
Chhorii 2,2025,Hindi,,"T-Series Super Cassettes Industries Ltd., Abundantia Entertainment, Psych Production, Tamarisk Lane",11-04-2025,"Horror, Thriller",Vishal Furia,133
Jatadhara,2025,Hindi,,"Zee Studios, Sudheer Babu Productions",07-11-2025,"Thriller, Drama","Abhishek Jaiswal, Venkat Kalyan",
Jhund,2022,Hindi,,"T-Series Super Cassettes Industries Ltd., Tandav Films Entertainment, Aatpat Production",04-03-2022,"Sports, Drama",Nagaraj Manjule,
Meri Nimmo,2018,Hindi,,,,,,
The Storyteller,2025,Hindi,,"Jio Studios, Purpose Entertainment, Quest Films",28-01-2025,", Drama",Ananth Narayan Mahadevan,116
Sonchiriya,2019,Hindi,,"Macguffin Pictures, RSVP",01-03-2019,", Drama",Abhishek Chaubey,145
Half Girlfriend,2017,Hindi,,Balaji Motion Pictures,19-05-2017,", Romance",Mohit Suri,
Looop Lapeta,2022,Hindi,,"Ellipsis Entertainment, Sony Pictures Films India",04-02-2022,"Crime, Comedy",Aakash Bhatia,135
Thar,2022,Hindi,,,,,,
Mantra,2017,Hindi,0.06,"Filmart Productions, North East Films, Shri Production, Zenyth Media House",17-03-2017,Drama,Nicholas Kharkongor,
The Legend of Michael Mishra,2016,Hindi,,Eye Candy Films,05-08-2016,Comedy,Manish Jha,124
Behen Hogi Teri,2017,Hindi,0.32,Oddball Motion Pictures,09-06-2017,Comedy,Ajay K Pannalal,128
Wajah Tum Ho,2016,Hindi,2.86,T-Series Super Cassettes Industries Ltd.,16-12-2016,", Drama",Vishal Pandya,136
Bawaal,2023,Hindi,,"Nadiadwala Grandson Entertainment, Earthsky Pictures",21-07-2023,"Drama, Romance",Nitesh Tiwari,139
Irada,2017,Hindi,0.12,Irada Entertainment,17-02-2017,", Drama","Aparna Singh, Nishant Tripathi",110
Mirza Juuliet,2017,Hindi,,"Shemaroo Entertainment, Green Apple Media, Falansha Media PVT Limited",07-04-2017,Drama,Rajesh Ram Singh,125
Darran Chhoo,2023,Hindi,,Mark Movies,13-10-2023,"Comedy, Drama",Bharat Ratan,
Hum Bhi Akele Tum Bhi Akele,2021,Hindi,,First Ray Films,14-02-2020,"Drama, Romance",Harish Vyas,
Binny And Family,2024,Hindi,0.25,"Balaji Telefilms Ltd, Waveband Production, Mahaveer Jain Films",27-09-2024,"Family, Drama",Ssanjay Tripaathy,139
Veere Di Wedding,2018,Hindi,10.7,"Anil Kapoor Films Company, Balaji Telefilms Ltd",01-06-2018,"Drama, Comedy",Shashanka Ghosh,125
Satyameva Jayate,2018,Hindi,,"T-Series Super Cassettes Industries Ltd., Emmay Entertainment Pvt. Ltd",15-08-2018,"Action, Patriotic",Milap Zaveri,141
Sangee,2025,Hindi,,"An Armoks Films, Supreme Motion Pictures, Yantrana Films Production",17-01-2025,"Comedy, Drama",Sumit Kulkarni,102
Kaabil,2017,Hindi,,Filmkraft Productions,25-01-2017,", Drama",Sanjay Gupta,139
Romeo-N-Bullet,2017,Hindi,,,14-04-2017,"Action, Romance",,
Arjun Patiala,2019,Hindi,1.25,"Maddock Films, Bake My Cake Film Production",26-07-2019,"Comedy, Action, Drama",Rohit Jugraj,106
Mannu Kya Karegga,2025,Hindi,,Curious Eyes Cinema,12-09-2025,"Romance, Comedy",Ssanjay Tripaathy,141
Traffic,2016,Hindi,,"Fox Star Studios, Eyedentity Motion Pictures, Endemol Shine India Production",29-04-2016,,Rajesh Pillai,104
Tara Vs Bilal,2022,Hindi,0.02,"JA Entertainment Pvt. Ltd., T-Series Super Cassettes Industries Ltd., TVB Films",28-10-2022,"Romance, Drama",Samar Iqbal,
Aa Bhi Ja O Piya,2021,Hindi,0.01,Johar Entertainment,07-10-2022,"Romance, Drama",Rajesh Harivansh Mishra,112
Baby John,2024,Hindi,11.25,"Cine1 Studios Production, A For Apple Studios, Jio Studios",25-12-2024,"Action, Thriller",Kalees,164
Fredrick,2016,Hindi,,Evana Entertainment,27-05-2016,Crime,Rajesh Butalia,129
Aankhon Ki Gustaakhiyan,2025,Hindi,0.4,"Mini Films, Zee Studios, Open Window Films",11-07-2025,"Romance, Drama",Santosh Singh,140
Happy Bhag Jayegi,2016,Hindi,2.32,"Eros International, A Colour Yellow Production",19-08-2016,", Comedy",Mudassar Aziz,126
Madam Chief Minister,2021,Hindi,,"T-Series Super Cassettes Industries Ltd., Kangra Talkies",22-01-2021,", Drama",Subhash Kapoor,
Bioscopewala,2018,Hindi,,"Fox Star Studios, Handmade Films",25-05-2018,Drama,Deb Medhekar,
Judwaa 2,2017,Hindi,16.1,"Nadiadwala Grandson Entertainment, Fox Star Studios",29-09-2017,"Comedy, Action",David Dhawan,
Kesari Veer,2025,Hindi,,Chauhan Studios,23-05-2025,"Period, Drama",Prince Dhiman,161
Laal Singh Chaddha,2022,Hindi,11.7,"Aamir Khan Productions, Viacom 18 Motion Pictures",11-08-2022,"Family, Drama",Advait Chandan,164
A Death in the Gunj,2017,Hindi,,"Studioz IDrream, Macguffin Pictures, Moh Maya Films",02-06-2017,Drama,Konkona Sen Sharma,
Flat 211,2017,Hindi,,Ajha Global Entertainment,02-06-2017,", Suspense, Thriller",Sunil Sanjan,106
Panipat,2019,Hindi,4.12,"Ashutosh Gowariker Productions, Vision World",06-12-2019,"Historical, Drama",Ashutosh Gowariker,173
Tere Bin Laden: Dead or Alive,2016,Hindi,,Walkwater Media,26-02-2016,Comedy,Abhishek Sharma,110
Motichoor Chaknachoor,2019,Hindi,,"Viacom 18 Motion Pictures, Woodpecker Movies",15-11-2019,"Comedy, Drama",Debamitra Biswal,135
Section 375,2019,Hindi,1.45,"Panorama Studios, T-Series Super Cassettes Industries Ltd.",13-09-2019,Drama,Ajay Bahl,123
Mona Darling,2017,Hindi,,"Pooja Entertainment India Ltd., First Ray Films",24-02-2017,Thriller,Shashi Sudigala,112
Sallu Ki Shaadi,2017,Hindi,,,,,,
Major,2022,Hindi,,"Sony Pictures, GMB Entertainment, A+S Movies",03-06-2022,"Drama, Action, Patriotic",Sashi Kiran Tikka,148
Phillauri,2017,Hindi,,"Fox Star Studios, Clean Slate Films",24-03-2017,", Comedy",Anshai Lal,138
Chehre,2021,Hindi,,"Saraswati Entertainment Private Limited, Anand Pandit Motion Pictures",27-08-2021,"Thriller, Drama",Rumy Jafry,
Simran,2017,Hindi,2.77,"T-Series Super Cassettes Industries Ltd., Paramhans Creations, Karma Features Pvt. Ltd.",15-09-2017,Drama,Hansal Mehta,125
Animal,2023,Hindi,63.8,"T-Series Super Cassettes Industries Ltd., Bhadrakali Pictures Production",01-12-2023,"Action, Thriller",Sandeep Reddy Vanga,203
Wedding Anniversary,2017,Hindi,,V K Productions,24-02-2017,"Drama, Social",Shekhar S Jha,108
Panchlait,2017,Hindi,0.02,Funtime Entertainment,17-11-2017,Drama,Prem Prakash Modi,
Sitaare Zameen Par,2025,Hindi,10.7,Aamir Khan Productions,20-06-2025,"Comedy, Drama",R.S. Prasanna,158
Inn Galiyon Mein,2025,Hindi,,Yadunath Films,14-03-2025,"Romance, Drama",Avinash Das,100
Laal Rang,2016,Hindi,,Krian Pictures,22-04-2016,"Action, Crime",Syed Ahmad Afzal,149
Tejas,2023,Hindi,1.2,RSVP,27-10-2023,"Action, Patriotic",Sarvesh Mewara,
Murari the Mad Gentleman,2016,Hindi,,"Deepa Krishna Production No. 1, Sunny World Wide Films",11-03-2016,", Comedy, Drama",Sujad Iqbal Khan,107
Raabta,2017,Hindi,,"Maddock Films, T-Series Super Cassettes Industries Ltd.",09-06-2017,"Action, Romance",Dinesh Vijan,154
Dobaara: See Your Evil,2017,Hindi,0.46,"B4U Motion Pictures, Relativity Media, Zahhak Films, Intrepid Pictures",02-06-2017,"Horror, Thriller",Prawaal Raman,131
Hate Story 4,2018,Hindi,3.76,T-Series Super Cassettes Industries Ltd.,09-03-2018,"Adult, Thriller",Vishal Pandya,130
Falooda,2018,Hindi,,Dev Gayati Entertainment,18-05-2018,", Drama",Dheeraj Singh,122
The Legacy of Jineshwar,2024,Hindi,,,19-04-2024,", Drama",,
Thackeray,2019,Hindi,,"Viacom 18 Motion Pictures, Carnival Motion Pictures, Rauters Entertainment",25-01-2019,"Biographical, Drama",Abhijit Panse,138
Hanuman vs Mahiravana,2018,Hindi,,"Gamaya, Green Gold Animation",06-07-2018,,Ezhil Vendan,
Kuch Khattaa Ho Jaay,2024,Hindi,,Mach Films,16-02-2024,"Family, Drama",G Ashok,125
Tera Kya Hoga Lovely,2024,Hindi,,"Sony Pictures, Movie Tunnel Productions",08-03-2024,"Comedy, Drama",Balwinder Singh Janjua,
Dangal,2016,Hindi,29.78,"Aamir Khan Productions, Disney India Studio",23-12-2016,"Biographical, Sports",Nitesh Tiwari,161
Saiyaara,2025,Hindi,22,Yash Raj Films,18-07-2025,"Romance, Drama",Mohit Suri,156
Dil Jo Na Keh Saka,2017,Hindi,,"PVR Pictures, Diyas Productions Pvt. Ltd",17-11-2017,Romance,Naresh Lalwani,130
Bengal 1947,2024,Hindi,0.03,Platoon Distribution,29-03-2024,"Period, Drama",Akashaditya Lama,
Three of Us,2023,Hindi,0.3,"Allu Entertainment, Matchbox Shots",03-11-2023,", Drama",Avinash Arun Dhaware,
Raid 2,2025,Hindi,19.71,"Panorama Studios, T-Series Super Cassettes Industries Ltd.",01-05-2025,"Crime, Thriller",Rajkumar Gupta,139
The Diplomat,2025,Hindi,4.03,"JA Entertainment Pvt. Ltd., T-Series Super Cassettes Industries Ltd., Wakaoo Films, Seeta Films, Fortune Pictures",14-03-2025,"Action, Thriller",Shivam Nair,137
Shaadi Mein Zaroor Aana,2017,Hindi,0.75,"Soham Rockstar Entertainment, Soundrya Productions",10-11-2017,"Comedy, Drama",Ratnaa Sinha,137
12th Fail,2023,Hindi,1.1,"Vidhu Vinod Chopra Productions, Zee Studios",27-10-2023,"Biographical, Drama",Vidhu Vinod Chopra,147
Selfiee,2023,Hindi,,"Star Studio, Dharma Productions, Cape of Good Films, Prithviraj Productions",24-02-2023,"Drama, Comedy",Raj Mehta,143
Great Grand Masti,2016,Hindi,2.5,"Maruti International, ALT Entertainment, Shri Adhikari Bros",15-07-2016,"Adult, Comedy",Indra Kumar,133
Mere Desh Ki Dharti,2022,Hindi,,Carnival Motion Pictures,06-05-2022,"Drama, Patriotic",Faraz Haider,124
Rashtra Kavach Om,2022,Hindi,1.5,"Paperdoll Entertainment, Zee Studios",01-07-2022,"Action, Thriller",Kapil Verma,135
Andhadhun,2018,Hindi,2.7,"Matchbox Pictures, Viacom 18 Motion Pictures",05-10-2018,"Drama, Crime, Suspense, Thriller",Sriram Raghavan,
Mr. & Mrs. Mahi,2024,Hindi,,"Dharma Productions, Zee Studios",31-05-2024,"Sports, Drama",Sharan Sharma,139
Nikamma,2022,Hindi,,"Sony Pictures, Sabbir Khan Films",17-06-2022,"Romance, Comedy",Sabbir Khan,148
Chhaava,2025,Hindi,,Maddock Films,14-02-2025,"Historical, Drama",Laxman Utekar,161
Jigra,2024,Hindi,4.55,"Dharma Productions, Eternal Sunshine Productions, Viacom18 Studio",11-10-2024,"Action, Drama",Vasan Bala,155
Gali Guleiyan,2018,Hindi,,,07-09-2018,Drama,Dipesh Jain,
Adipurush,2023,Hindi,36,"T-Series Super Cassettes Industries Ltd., Retrophiles Productions",16-06-2023,"Mythological, Drama",Om Raut,179
Tu Jhoothi Main Makkaar,2023,Hindi,15.73,"T-Series Super Cassettes Industries Ltd., Luv Films",08-03-2023,"Romance, Comedy",Luv Ranjan,159
Bell Bottom,2021,Hindi,,"Pooja Entertainment India Ltd., Emmay Entertainment Pvt. Ltd",19-08-2021,"Action, Thriller",Ranjit M Tewari,125
Sarfira,2024,Hindi,2.5,"Cape of Good Films, Abundantia Entertainment, 2D Entertainment",12-07-2024,"Biographical, Drama",Sudha Kongara,155
Operation Valentine,2024,Hindi,,"Renaissance Pictures, Sony Pictures International Productions",01-03-2024,"Action, Patriotic",Shakti Pratap Singh Hada,
Akelli,2023,Hindi,,"Dashami Studioz, Mistryy Productions",25-08-2023,"Thriller, Drama",Pranay Meshram,
Kesari,2019,Hindi,21.06,"Dharma Productions, Cape of Good Films, Azure Entertainment, Zee Studios",21-03-2019,"Drama, Action, Patriotic, Period",Anurag Singh,150
Yaatris,2023,Hindi,0.03,"Akion Entertainment, Thinking Bird Production",24-11-2023,"Family, Drama",Harish Vyas,
Dear Dad,2016,Hindi,,Peppermint Studios,06-05-2016,", Drama",Tanuj Bhramar,95
October,2018,Hindi,4.25,Rising Sun Films Production,13-04-2018,", Drama, Romance",Shoojit Sircar,115
Mahavatar Narsimha,2025,Hindi,1.46,Kleem Productions,25-07-2025,"Mythological, Drama",Ashwini Kumar,
Bheed,2023,Hindi,,"T-Series Super Cassettes Industries Ltd., Anubhav Sinha Productions Pvt Ltd, Benares Mediaworks",24-03-2023,"Social, Drama",Anubhav Sinha,
Nawabzaade,2018,Hindi,,"T-Series Super Cassettes Industries Ltd., RD Entertainment, White Measure Entertainment",27-07-2018,", Comedy, Romance",Jayesh Pradhan,112
Ek Ladki Ko Dekha Toh Aisa Laga,2019,Hindi,,"Vidhu Vinod Chopra Productions, Fox Star Studios, Rajkumar Hirani Films",01-02-2019,"Drama, Romance",Shelly Chopra Dhar,120
Tu Hai Mera Sunday,2017,Hindi,,Love And Faith Films,06-10-2017,Drama,Milind Dhaimade,126
Tumko Meri Kasam,2025,Hindi,0.5,Indira Entertainment,21-03-2025,"Biographical, Thriller",Vikram Bhatt,166
Coffee with D,2017,Hindi,0.15,Apex Entertainment,20-01-2017,", Comedy",Vishal Mishra,123
Merry Christmas,2024,Hindi,,"Tips Films, Matchbox Pictures",12-01-2024,"Crime, Thriller",Sriram Raghavan,144
Ajmer 92,2023,Hindi,1,"Reliance Entertainment, U&K Films Entertainment, Sumit Motion Pictures, Little Crew Pictures Production",21-07-2023,"Crime, Drama",Pushpendra Singh,
Mitron,2018,Hindi,,Abundantia Entertainment,14-09-2018,", Comedy, Drama",Nitin Kakkar,119
Saina,2021,Hindi,,"T-Series Super Cassettes Industries Ltd., Front Foot Pictures",26-03-2021,"Biographical, Sports",Amole Gupte,
Game Over,2017,Hindi,0.03,"Dream Machine Pvt. Ltd., Koning Entertainment, Dream International",08-12-2017,"Suspense, Adult, Thriller",Paresh Vinodray Savani,143
Kedarnath,2018,Hindi,,"Guy In The Sky Pictures, RSVP",07-12-2018,"Drama, Romance",Abhishek Kapoor,120
Emergency,2025,Hindi,2,"Manikarnika Films, Zee Studios",17-01-2025,"Historical, Drama",Kangana Ranaut,148
3 Storeys,2018,Hindi,,"B4U Motion Pictures, Excel Entertainment, An Open Air Films Production",09-03-2018,"Drama, Romance, Suspense, Thriller",Arjun Mukerjee,
Metro... In Dino,2025,Hindi,,"T-Series Super Cassettes Industries Ltd., Anurag Basu Productions",04-07-2025,"Romance, Drama",Anurag Basu,162
Trahimam,2022,Hindi,0.005,"Achleshwar Film, Dushyant Corporation",16-12-2022,"Action, Drama",Dushyant Pratap Singh,74
102 Not Out,2018,Hindi,3.52,"Benchmark Pictures, Treetop Entertainment, Sony Pictures",04-05-2018,"Comedy, Drama, Family",Umesh Shukla,102
Commando 3,2019,Hindi,,"Reliance Entertainment, Motion Picture Capital, Sunshine Pictures Pvt. Ltd",29-11-2019,"Action, Drama",Aditya Datt,133
Evening Shadows,2019,Hindi,,Solaris Pictures,11-01-2019,", Drama",Sridhar Rangayan,
Noor,2017,Hindi,0.02,"T-Series Super Cassettes Industries Ltd., Abundantia Entertainment",21-04-2017,"Drama, Social",Sunhil Sippy,116
Do Aur Do Pyaar,2024,Hindi,0.6,"Applause Entertainment, Ellipsis Entertainment",19-04-2024,"Family, Drama",Shirsha Guha Thakurta,139
Lakadbaggha,2023,Hindi,,First Ray Films,13-01-2023,"Action, Drama",Victor Mukherjee,
Baar Baar Dekho,2016,Hindi,,"Dharma Productions, Excel Entertainment, Eros International",09-09-2016,Comedy,Nitya Mehra,141
5 Weddings,2018,Hindi,,,26-10-2018,"Comedy, Drama",Namrata Singh Gujral,94
Mere Husband Ki Biwi,2025,Hindi,,Pooja Entertainment India Ltd.,21-02-2025,"Romance, Comedy",Mudassar Aziz,143
I Want to Talk,2024,Hindi,0.2,"Rising Sun Films Production, Kino Works",22-11-2024,"Biographical, Drama",Shoojit Sircar,122
Bharat,2019,Hindi,42.3,"T-Series Super Cassettes Industries Ltd., Salman Khan Films, Reel Life Production Pvt Ltd",05-06-2019,"Family, Drama",Ali Abbas Zafar,167
Parched,2016,Hindi,,"Ajay Devgn Ffilms, Ashlee FIlms",23-09-2016,", Drama",Leena Yadav,118
Pal Pal Dil Ke Paas,2019,Hindi,,"Sunny Sounds Pvt Ltd, Zee Studios",20-09-2019,"Romance, Drama",Sunny Deol,152
Ram Setu,2022,Hindi,,"Cape of Good Films, Abundantia Entertainment, Lyca Productions",25-10-2022,"Action, Thriller",Abhishek Sharma,144
Haseena Parkar,2017,Hindi,,Swiss Entertainment Pvt Ltd.,22-09-2017,", Drama",Apoorva Lakhia,
Chhichhore,2019,Hindi,7.32,"Nadiadwala Grandson Entertainment, Fox Star Studios",06-09-2019,"Comedy, Drama",Nitesh Tiwari,145
Ittefaq,2017,Hindi,,,14-09-2001,Thriller,Sanjay Khanna,
Main Atal Hoon,2024,Hindi,,"Legend Studios, Bhanushali Studios Limited",19-01-2024,"Biographical, Drama",Ravi Jadhav,139
Jersey,2022,Hindi,2.93,"Brat Films Production, Dil Raju Productions, Allu Entertainment, Sithara Entertainments",22-04-2022,"Family, Sports",Gowtam Tinnanauri,170
Mardaani 2,2019,Hindi,,Yash Raj Films,13-12-2019,"Action, Crime",Gopi Puthran,105
Mission Raniganj,2023,Hindi,2.8,"Pooja Entertainment India Ltd., Ajay Kapoor Productions",06-10-2023,"Biographical, Thriller",Tinu Suresh Desai,138
Kooki,2024,Hindi,,Niri Media Opc Private Limited,28-06-2024,"Crime, Drama",Pranab J Deka,115
Sky Force,2025,Hindi,15.3,"Maddock Films, Jio Studios",24-01-2025,"Action, Patriotic","Sandeep Kewlani, Abhishek Anil Kapur",125
Zero Se Restart,2024,Hindi,,Vidhu Vinod Chopra Productions,13-12-2024,", Drama",Jaskunwar Kohli,73
Nishaanchi,2025,Hindi,0.2,"Jar Pictures, Amazon MGM Studios, Flip Films",19-09-2025,"Action, Drama",Anurag Kashyap,176
Milan Talkies,2019,Hindi,,Filmy Keeda Productions,15-03-2019,", Drama",Tigmanshu Dhulia,
Nazar Andaaz,2022,Hindi,0.001,"T-Series Super Cassettes Industries Ltd., Kathputli Creations",07-10-2022,", Comedy, Drama",Vikrant Deshmukh,
Luka Chuppi,2019,Hindi,8.01,Maddock Films,01-03-2019,"Comedy, Romance",Laxman Utekar,
Bhool Chuk Maaf,2025,Hindi,,"Maddock Films, Amazon MGM Studios",23-05-2025,"Romance, Comedy",Karan Sharma,121
Maarrich,2022,Hindi,,"Tusshar Entertainment House, NH Studios",09-12-2022,"Thriller, Crime",Dhruv Lather,
Beiimaan Love,2016,Hindi,0.7,Avanti Films Pvt Ltd.,14-10-2016,"Crime, Drama",Rajeev Chaudhari,
Sonu Ke Titu Ki Sweety,2018,Hindi,6.42,"Luv Films, T-Series Super Cassettes Industries Ltd.",23-02-2018,"Comedy, Drama",Luv Ranjan,140
Partition: 1947,2017,Hindi,,Reliance Entertainment,18-08-2017,Drama,Gurinder Chadha,106
Kaagaz 2,2024,Hindi,,"The Satish Kaushik Entertainment, Venus Worldwide Entertainment",01-03-2024,"Social, Drama",V.K. Prakash,
Jia aur Jia,2017,Hindi,,Trilogic Digital Media Limited,27-10-2017,Drama,Howard Rosemeyer,92
Azhar,2016,Hindi,,"Balaji Motion Pictures, MSM Motion Pictures",13-05-2016,", Biographical",Tony D'souza,131
Yamla Pagla Deewana: Phir Se,2018,Hindi,,"Pen India Ltd., Sunny Sounds Pvt Ltd, Intercut Entertainment",31-08-2018,"Comedy, Action",Navaniat Singh,147
The Bengal Files,2025,Hindi,1.5,Abhishek Agarwal Arts,05-09-2025,"Social, Drama",Vivek Agnihotri,204
Tera Intezaar,2017,Hindi,0.5,Bageshree Films,01-12-2017,"Romance, Thriller",Raajeev Walia,108
Wah Taj,2016,Hindi,,"Pun Films Pvt Ltd, Spyderwave Films, Pen India Ltd.",23-09-2016,", Drama",Ajit Sinha,106
Neerja,2016,Hindi,,"Fox Star Studios, Bling Unplugged",19-02-2016,"Biographical, Drama",Ram Madhwani,122
Ganapath,2023,Hindi,2.2,"Pooja Entertainment India Ltd., Good Co. Production",20-10-2023,"Action, Sports",Vikas Bahl,134
Housefull 4,2019,Hindi,16.5,"Nadiadwala Grandson Entertainment, Fox Star Studios",25-10-2019,"Comedy, Drama",Farhad Samji,146
Double XL,2022,Hindi,0.15,"T-Series Super Cassettes Industries Ltd., Wakaoo Films, Elemen3 Entertainment, Reclining Seats Cinema",04-11-2022,", Comedy, Drama",Satramm Ramani,
Bad Newz,2024,Hindi,8.62,"Dharma Productions, Leo Media Collective, Amazon Prime Video",19-07-2024,"Comedy, Drama",Anand Tiwari,142
Fanney Khan,2018,Hindi,2.15,"Rakeysh Omprakash Mehra Pictures, T-Series Super Cassettes Industries Ltd.",03-08-2018,"Family, Drama",Atul Manjrekar,129
Mercury,2018,Hindi,0.32,,13-04-2018,Drama,Karthik Subbaraj,
Freaky Ali,2016,Hindi,,"Salman Khan Films, Sohail Khan Productions",09-09-2016,Drama,Sohail Khan,120
Ground Zero,2025,Hindi,1.15,Excel Entertainment,25-04-2025,"Action, Patriotic",Tejas Prabha Vijay Deoskar,137
Jahangir National University,2024,Hindi,,Mahakaal Movies Pvt. Ltd.,21-06-2024,"Social, Drama",Vinay Sharma,150
Tipppsy,2024,Hindi,0.08,"Panorama Studios, Alliance Productions India LLP, Raju Chadha Films",10-05-2024,"Thriller, Drama",Deepak Tijori,
Haathi Mere Saathi,2021,Hindi,,,01-01-1971,", Musical",M Thirumugum,
Maidaan,2024,Hindi,7.25,"Zee Studios, Bayview Projects LLP, Freshlime Studios",11-04-2024,"Biographical, Sports",Amit Ravindernath Sharma,181
Zubaan,2016,Hindi,,"Sikhya Entertainment, Metamozez Entertainment",04-03-2016,Musical,Mozez Singh,118
Dhanak,2016,Hindi,0.29,"Kukunoor Movies, Drishyam Films",17-06-2016,", Drama",Nagesh Kukunoor,116
Dongri Ka Raja,2016,Hindi,0.27,Filmy Keeda Productions,11-11-2016,", Action",Hadi Ali Abrar,139
Chicken Curry Law,2019,Hindi,,PAN India,09-08-2019,"Drama, Crime, Social",Shekhar Sirrinn,
Heropanti 2,2022,Hindi,,Nadiadwala Grandson Entertainment,29-04-2022,"Action, Romance",Ahmed Khan,142
Pranaam,2019,Hindi,,Rudraksh Adventures Pvt Ltd,09-08-2019,"Drama, Action, Crime, Thriller",Sanjiv Jaiswal,
Siya,2022,Hindi,0.2,"Panorama Studios, Drishyam Films",16-09-2022,", Drama, Social",Manish Mundra,109
Vikram Vedha,2022,Hindi,10.58,"T-Series Super Cassettes Industries Ltd., A Friday Filmworks, Reliance Entertainment, Jio Studios, Y Not Studios",30-09-2022,"Action, Thriller","Gayatri, Pushkar",159
Manmarziyaan,2018,Hindi,,"Eros International, Phantom Films, Colour Yellow Production",14-09-2018,", Drama, Romance",Anurag Kashyap,157
Jewel Thief,2025,Hindi,,Navketan Films,01-01-1967,", Thriller",Vijay Anand,
Mission Grey House,2025,Hindi,,"Reliance Entertainment, Rafat Films",17-01-2025,"Suspense, Thriller",Naushad Siddiqui,118
A Flying Jatt,2016,Hindi,7.1,Balaji Motion Pictures,25-08-2016,", Action",Remo DSouza,151
Veerey Ki Wedding,2018,Hindi,,Panorama Studios,02-03-2018,"Comedy, Drama",Asshu Trikha,121
Toilet: Ek Prem Katha,2017,Hindi,,"Abundantia Entertainment, Plan C Studios, Kriaj Entertainment Pvt. Ltd., Cape of Good Films, Viacom 18 Motion Pictures",11-08-2017,"Comedy, Drama",Shree Narayan Singh,
War,2019,Hindi,53.35,Yash Raj Films,02-10-2019,"Action, Thriller",Siddharth Anand,156
Airlift,2016,Hindi,,"T-Series Super Cassettes Industries Ltd., Emmay Entertainment Pvt. Ltd, Cape of Good Films, Crouching Tiger Motion Pictures",22-01-2016,"Drama, Historical",Raja Krishna Menon,124
Farrey,2023,Hindi,,"Salman Khan Films, Reel Life Production Pvt Ltd, Mythri Movie Makers",24-11-2023,"Crime, Drama",Soumendra Padhi,114
Chakallaspur,2017,Hindi,0.001,,,Drama,Rajnish Jaiswal,
31st October,2016,Hindi,0.1,Magical Dreams Productions Pvt Ltd,21-10-2016,"Drama, Period",Shivaji Lotan Patil,
Tubelight,2017,Hindi,21.15,Salman Khan Films,23-06-2017,", Drama",Kabir Khan,
Fighter,2024,Hindi,24.6,"Marflix Pictures, Viacom18 Studio",25-01-2024,"Action, Patriotic",Siddharth Anand,166
Hai Apna Dil Toh Awara,2016,Hindi,0.04,"Anikaa Films, Monjoy Joy Mukerji Productions",05-08-2016,", Comedy",Monjoy Joy Mukerji,127
Paltan,2018,Hindi,1.28,"Zee Studios, J P Films",07-09-2018,", Drama",J P Dutta,154
Commando 2,2017,Hindi,5.14,"Reliance Entertainment, Pen India Ltd., Sunshine Pictures Pvt. Ltd",03-03-2017,"Action, Drama",Deven Bhojani,123
Housefull 5,2025,Hindi,24.35,Nadiadwala Grandson Entertainment,06-06-2025,"Comedy, Thriller",Tarun Mansukhani,165
Dhadak,2018,Hindi,8.71,"Dharma Productions, Zee Studios",20-07-2018,"Romance, Drama",Shashank Khaitan,
Aiyaary,2018,Hindi,3.36,"Reliance Entertainment, Plan C Studios, Jayantilal Gada, A Friday Filmworks",16-02-2018,"Action, Drama, Thriller",Neeraj Pandey,160
Dukaan,2024,Hindi,0.18,"Waveband Production, Kalamkaar Picture Productions",05-04-2024,"Social, Drama","Garima Wahal, Siddharth Singh",
Hamid,2019,Hindi,0.01,"Saregama India Limited, Yoodlee Films",15-03-2019,", Social",Aijaz Khan,
Phule,2025,Hindi,0.25,"Zee Studios, Dancing Shiva Productions, Kingsmen Productions",25-04-2025,"Biographical, Drama",Ananth Narayan Mahadevan,129
Hope Aur Hum,2018,Hindi,0.12,"PVR Pictures, Thumbnail Pictures",11-05-2018,", Comedy",Sudip Bandyopadhyay,
The Fakir of Venice,2019,Hindi,0.04,"Phat Phish Productions, October Films LLP",08-02-2019,Drama,Anand Surapur,
Heer Express,2025,Hindi,0.35,"A Merry Go Round Studios, Tulip Entertainment, Divisa Entertainment, Creative Strokes Group",12-09-2025,"Comedy, Drama",Umesh Shukla,142
Moh Maya Money,2016,Hindi,0.25,Delhi Talkies,25-11-2016,", Drama",Munish Bhardwaj,
Jogira Sara Ra Ra,2023,Hindi,0.3,Touchwood Multimedia Creations,26-05-2023,"Romance, Comedy",Kushan Nandy,121
Running Shaadi,2017,Hindi,0.15,"Crouching Tiger Motion Pictures, Rising Sun Films Production",17-02-2017,"Romance, Comedy",Amit Roy,114
Photograph,2019,Hindi,0.25,"Amazon Studios, Filmscience, The Match Factory, Poetic License, KNM Production, Skywalk Films",15-03-2019,"Drama, Romance",Ritesh Batra,
Joram,2023,Hindi,0.4,Zee Studios,08-12-2023,"Action, Thriller",Devashish Makhija,121
Waarrior Savitri,2016,Hindi,0.01,"Jai Viratra Entertainment Ltd, Dr. Bob's Production",25-08-2016,"Action, Drama",Param Gill,123
Fraud Saiyaan,2019,Hindi,0.11,"Prakash Jha Productions, Drama King Entertainment",18-01-2019,", Comedy",Sourabh Shrivastava,109
Jab Harry Met Sejal,2017,Hindi,15.25,Red Chillies Entertainment,04-08-2017,"Drama, Romance",Imtiaz Ali,143
Rukh,2017,Hindi,0.1,"Eros International, Drishyam Films",27-10-2017,Thriller,Atanu Mukharjee,106
Yeh Hai India,2019,Hindi,0.001,DLB Films Pvt Ltd,24-05-2019,Drama,Lom Harsh,128
Mantostaan,2017,Hindi,0.07,"Rahat Kazmi Films, Tariq Khan Production, Aditya Pratap Singh Entertainment, Zeba Sajid Films",05-05-2017,"Drama, Biographical, Historical, Period",Rahat Kazmi,
Aligarh,2016,Hindi,0.31,"Karma Pictures, Eros International",26-02-2016,"Social, Drama",Hansal Mehta,120
Tiger 3,2023,Hindi,44.5,Yash Raj Films,12-11-2023,"Action, Thriller",Maneesh Sharma,153
Golmaal Again,2017,Hindi,30.14,"Rohit Shetty Productions, Reliance Entertainment, Mangal Murti Films PVT. LTD.",20-10-2017,"Horror, Comedy",Rohit Shetty,151
Begum Jaan,2017,Hindi,0.02,"Vishesh Films, PLAY Entertainment",14-04-2017,", Drama",Srijit Mukherjee,134
Super 30,2019,Hindi,11.83,"Nadiadwala Grandson Entertainment, Reliance Entertainment, Phantom Films, HRX Films",12-07-2019,"Biographical, Drama, Social",Vikas Bahl,154
Sukhee,2023,Hindi,0.25,"T-Series Super Cassettes Industries Ltd., Abundantia Entertainment, Gulshan Kumar Presents",22-09-2023,"Family, Drama",Sonal Joshi,138
Junooniyat,2016,Hindi,0.4,T-Series Super Cassettes Industries Ltd.,24-06-2016,Romance,Vivek Agnihotri,129
Love Ke Funday,2016,Hindi,0.01,"FRV Big Business Entertainment Pvt. Ltd, Prem Motion Pictures",29-07-2016,", Comedy, Romance",Indervesh Yogee,131
Cash,2021,Hindi,3.73,"Adlabs Films Ltd, Sohail Maklai Entertainment Pvt Ltd, Seven Entertainment Ltd., ASP White",03-08-2007,", Action, Thriller",Anubhav Sinha,
Raid,2018,Hindi,10.04,"T-Series Super Cassettes Industries Ltd., Panorama Studios",16-03-2018,"Crime, Thriller",Rajkumar Gupta,128
Bhool Bhulaiyaa 2,2022,Hindi,14.11,"T-Series Super Cassettes Industries Ltd., Cine1 Studios Production",20-05-2022,"Horror, Comedy",Anees Bazmee,143
Mom,2017,Hindi,2.9,"Zee Studios, Mad Films, Third Eye Pictures, BSK Network & Entertainment Pvt. Ltd., Naresh Agarwal Films",07-07-2017,", Thriller",Ravi Udyawar,147
Jacqueline I Am Coming,2019,Hindi,0.01,M.D. Production,18-10-2019,", Drama",Banty Dubey,111
Bajrang Aur Ali,2024,Hindi,0.24,"Utterup Films, Phenomenal Crafts Ltd",07-06-2024,Drama,Jaiveer Sharma,122
Ishqeria,2018,Hindi,0.04,"Yen Movies Production, Swarp Films",21-09-2018,", Romance",Prerna Wadhawan,118
Race 3,2018,Hindi,28.5,"Salman Khan Films, Tips Films",15-06-2018,"Action, Suspense",Remo DSouza,159
Dono,2023,Hindi,0.7,"Rajshri Productions Pvt Ltd, Jio Studios",05-10-2023,"Romance, Drama",Avnish S. Barjatya,156
Raazi,2018,Hindi,7.53,"Junglee Pictures, Dharma Productions",11-05-2018,"Patriotic, Thriller",Meghna Gulzar,
Julie 2,2017,Hindi,1.4,Vijaya Films,18-04-1975,,Sethumadhavan,
Uunchai,2022,Hindi,1.81,"Rajshri Productions Pvt Ltd, Mahaveer Jain Films, Boundless Media",11-11-2022,"Family, Drama",Sooraj Barjatya,169
Afwaah,2023,Hindi,0.3,"T-Series Super Cassettes Industries Ltd., Benaras Media Works Production, Anubhav Sinha Productions Pvt Ltd",05-05-2023,Drama,Sudhir Mishra,
Doctor G,2022,Hindi,3.87,Junglee Pictures,14-10-2022,"Drama, Comedy",Anubhuti Kashyap,124
G Kutta Se,2017,Hindi,0.03,SFE International,16-06-2017,", Drama, Horror, Social",Rahul Dahiya,
Bunty Aur Babli 2,2021,Hindi,2.6,Yash Raj Films,19-11-2021,"Comedy, Crime",Varun V. Sharma,133
Bombairiya,2019,Hindi,0.02,"Beautiful Bay Entertainment, Kreo Films",18-01-2019,", Drama",Pia Sukanya,108
Shivaay,2016,Hindi,10.24,"Ajay Devgn Films, Eros International",28-10-2016,"Drama, Action",Ajay Devgn,172
Kalank,2019,Hindi,21.6,"Nadiadwala Grandson Entertainment, Dharma Productions, Fox Star Studios",17-04-2019,"Drama, Period, Romance",Abhishek Varman,168
The Body,2019,Hindi,0.66,"Azure Entertainment, Viacom 18 Motion Pictures",13-12-2019,", Horror, Thriller",Jeethu Joseph,103
Befikre,2016,Hindi,10.36,Yash Raj Films,09-12-2016,", Comedy, Romance",Aditya Chopra,132
Toolsidas Junior,2022,Hindi,0.01,"T-Series Super Cassettes Industries Ltd., Ashutosh Gowariker Productions",04-03-2022,"Sports, Drama",Mridul,
Student of the Year 2,2019,Hindi,12.06,"Dharma Productions, Fox Star Studios",10-05-2019,"Romance, Action, Drama",Punit Malhotra,145
Sanju,2018,Hindi,34.75,"Vidhu Vinod Chopra Productions, Rajkumar Hirani Films, Fox Star Studios",29-06-2018,"Biographical, Drama",Rajkumar Hirani,155
Sajini Shinde Ka Viral Video,2023,Hindi,0.06,Maddock Films,27-10-2023,"Suspense, Thriller",Mikhil Musale,116
83,2021,Hindi,12.64,"Nadiadwala Grandson Entertainment, Reliance Entertainment, Phantom Films, KA Productions, Kabir Khan Films, 83 Film Ltd, Vibri Media",24-12-2021,"Biographical, Sports",Kabir Khan,162
Kaagaz,2021,Hindi,0.005,"Salman Khan Films, The Satish Kaushik Entertainment",07-01-2021,"Social, Drama",Satish Kaushik,
Maassab,2021,Hindi,0.04,Purushottam Studios,26-02-2021,"Social, Drama",Aditya Om,
Kissebaaz,2019,Hindi,0.14,"PVR Pictures, Experion Moviez",14-06-2019,"Drama, Action, Crime",Annant Jaaitpaal,123
Kahan Shuru Kahan Khatam,2024,Hindi,0.93,,20-09-2024,"Romance, Drama",Saurabh Dasgupta,106
Jolly LLB 3,2025,Hindi,12.5,Star Studio,19-09-2025,"Comedy, Drama",Subhash Kapoor,157
Ghayal: Once Again,2016,Hindi,7.2,"Sunny Sounds Pvt Ltd, Vijayta Films",05-02-2016,"Action, Drama",Sunny Deol,128
Sandeep Aur Pinky Faraar,2021,Hindi,0.06,Yash Raj Films,19-03-2021,"Drama, Crime",Dibakar Banerjee,125
Project Marathwada,2016,Hindi,0.03,"Eagle Eye Entertainment, Wadia Productions",03-06-2016,", Drama",Bhavin Wadia,
Sikandar,2025,Hindi,0.5,Minerva Movietone,01-01-1941,"Action, Drama",Sohrab Modi,
Hukus Bukus,2023,Hindi,0.04,Shining Sun Studios,03-11-2023,"Social, Drama","Vinay Bhardwaj, Saumitra Singh",
Pride,2024,Hindi,0.005,Omaks Production,02-08-2024,"Action, Drama",Pankaj K.R. Virat,
The Zoya Factor,2019,Hindi,0.7,"Adlabs Films Ltd, Fox Star Studios",20-09-2019,"Comedy, Sports",Abhishek Sharma,134
Hume Tumse Pyaar Kitna,2019,Hindi,0.05,"Bora Bora Entertainment, Belvie Productions",05-07-2019,", Romance",Lalit Mohan,
Naam,2024,Hindi,0.08,"Snigdha Movies Pvt Ltd, Roongta Entertainment",22-11-2024,"Crime, Thriller",Anees Bazmee,136
Mirzya,2016,Hindi,2.2,"Rakeysh Omprakash Mehra Pictures, Cinestaan Film Company Pvt. Ltd.",07-10-2016,", Romance",Rakeysh Omprakash Mehra,129
Kisi Ka Bhai Kisi Ki Jaan,2023,Hindi,15.81,Salman Khan Films,21-04-2023,"Action, Comedy",Farhad Samji,144
Drishyam 2,2022,Hindi,15.38,"T-Series Super Cassettes Industries Ltd., Viacom 18 Motion Pictures, Panorama Studios",18-11-2022,"Crime, Thriller",Abhishek Pathak,142
Shaila,2025,Hindi,0.03,Riyom Films,28-02-2025,"Romance, Musical",Saki Shah,95
Global Baba,2016,Hindi,0.07,Vijay Arts,11-03-2016,Drama,Manoj Siddheshwari Tiwari,118
Ishq Click,2016,Hindi,0.05,Algol Films,22-07-2016,", Drama",Anil Balani,138
Rock On 2,2016,Hindi,2.02,"Excel Entertainment, Eros International",11-11-2016,"Drama, Musical",Shujaat Saudagar,139
Dedh Lakh Ka Dulha,2022,Hindi,0.01,"KK Films Creations, APS Pictures",30-12-2022,", Comedy",Abhay Pratap Singh,128
Tu Meri Poori Kahani,2025,Hindi,0.08,Indira Entertainment,26-09-2025,"Romance, Drama",Suhrita Das,138
Pataakha,2018,Hindi,0.8,"KYTA Productions, Vishal Bhardwaj Pictures Pvt Ltd, B4U Motion Pictures",28-09-2018,,Vishal Bhardwaj,
Goldfish,2023,Hindi,0.1,Splendid Films,01-09-2023,Drama,Pushan Kripalani,
7 Hours To Go,2016,Hindi,0.45,,,,,
Ladki: Dragon Girl,2022,Hindi,0.02,Artsee Media Production,15-07-2022,"Action, Romance",Ram Gopal Varma,133
Judgementall Hai Kya,2019,Hindi,4.5,"Balaji Motion Pictures, Karma Media Entertainment",26-07-2019,"Action, Crime, Drama, Suspense, Thriller",Prakash Kovelamudi,121
Bhediya,2022,Hindi,7.48,,,,,
Pathaan,2023,Hindi,57,Yash Raj Films,25-01-2023,"Action, Thriller",Siddharth Anand,146
The Sky Is Pink,2019,Hindi,2.5,"RSVP, Roy Kapur Films, Purple Pebble Pictures",11-10-2019,"Family, Drama",Shonali Bose,149
Bhool Bhulaiyaa 3,2024,Hindi,36.6,T-Series Super Cassettes Industries Ltd.,01-11-2024,"Horror, Comedy",Anees Bazmee,158
The Lady Killer,2023,Hindi,0.003,"T-Series Super Cassettes Industries Ltd., Karma Media Entertainment",03-11-2023,"Crime, Thriller",Ajay Bahl,125
Monsoon Shootout,2017,Hindi,0.6,,,,,
Vodka Diaries,2018,Hindi,0.3,"K'Scope Entertainment Pvt. Ltd, Vishalraj Films And Production Pvt. Ltd.",19-01-2018,", Drama",Kushal Shrivastav,117
Genius,2018,Hindi,0.65,"Soham Rockstar Entertainment, Anil Sharma Productions",24-08-2018,", Drama",Anil Sharma,164
Rocket Gang,2022,Hindi,0.25,Zee Studios,11-11-2022,"Dance, Children",Bosco Martis,139
Shaadi Teri Bajayenge Hum Band,2018,Hindi,0.12,Rangrezza Films,23-03-2018,Comedy,Gurpreet Sondh,135
The Final Exit,2017,Hindi,0.1,Mars Entertainment,22-09-2017,"Drama, Horror",Dhwanil Mehta,119
Badhaai Do,2022,Hindi,1.65,"Junglee Pictures, Zee Studios",11-02-2022,"Romance, Comedy",Harshavardhan Kulkarni,
Kill,2024,Hindi,1.35,"Dharma Productions, Sikhya Entertainment, LionsGate Entertainment, Roadside Attractions",05-07-2024,"Action, Thriller",Nikhil Nagesh Bhat,106
Dil Juunglee,2018,Hindi,0.35,Pooja Entertainment India Ltd.,09-03-2018,Comedy,Aleya Sen,124
Hamare Baarah,2024,Hindi,0.17,"Radhika Films, Newtech Media Entertainment",21-06-2024,"Social, Drama",Kamal Chandra,148
Baadshaho,2017,Hindi,12.6,"T-Series Super Cassettes Industries Ltd., Milan Luthria Films Pvt Ltd, Vertex Motion Pictures Pvt. Ltd",01-09-2017,"Action, Thriller",Milan Luthria,136
Pink,2016,Hindi,4.32,"Rising Sun Films Production, Rashmi Sharma Films",16-09-2016,"Social, Drama",Aniruddha Roy Chowdhury,136
Bhanwarey,2017,Hindi,0.001,"Screenshot Media & Entertainment, Sudha Creations",24-03-2017,", Comedy, Drama",Shaurya Singh,
Dhak Dhak,2023,Hindi,0.8,"Viacom 18 Motion Pictures, Outsider Flims Productions, BLM Pictures",13-10-2023,"Adventure, Drama",Tarun Dudeja,140
Gurgaon,2017,Hindi,0.46,"M R Filmworks, Hashstag Film Studios, Jar Pictures",04-08-2017,"Drama, Crime",Shankar Raman,107
Battalion 609,2019,Hindi,0.01,"N.J. Lalwani Films, BIG Curtains Media Pvt. Ltd",11-01-2019,"Action, Drama",Brijesh Batuknath Tripathi,142
A Gentleman,2017,Hindi,4.04,Fox Star Studios,25-08-2017,"Action, Thriller","Krishna DK, Raj Nidimoru",132
Article 15,2019,Hindi,5.02,"Benaras Media Works Production, Zee Studios",28-06-2019,"Thriller, Crime, Drama, Social",Anubhav Sinha,130
Jaat,2025,Hindi,9.62,"Mythri Movie Makers, People Media Factory",10-04-2025,"Action, Drama",Gopichand Malineni,153
Bachchhan Paandey,2022,Hindi,13.25,"Nadiadwala Grandson Entertainment, Zee Studios",18-03-2022,"Action, Comedy",Farhad Samji,149
Ye Mard Bechara,2021,Hindi,0.04,"2idiot Films, Raw Entertainment",19-11-2021,"Comedy, Drama",Anuup Thapa,
Gangubai Kathiawadi,2022,Hindi,10.5,"Sanjay Leela Bhansali Films, Pen India Ltd.",25-02-2022,"Biographical, Drama",Sanjay Leela Bhansali,156
India's Most Wanted,2019,Hindi,2.1,"Fox Star Studios, Raapchik Films",24-05-2019,Thriller,Rajkumar Gupta,125
Kapkapiii,2025,Hindi,0.2,"Bravo Entertainment, Zee Studios",23-05-2025,"Horror, Comedy",Sangeeth Sivan,140
Jalebi,2018,Hindi,0.5,Vishesh Films,12-10-2018,"Drama, Romance",Pushpdeep Bhardwaj,
Article 370,2024,Hindi,6.12,"Jio Studios, B62 Studios",23-02-2024,"Action, Patriotic",Aditya Suhas Jambhale,156
Dashmi,2024,Hindi,0.05,3S Movies,16-02-2024,"Thriller, Drama",Shantanu Anant Tambe,
Fever,2016,Hindi,0.01,"Niche Film Farm, Jaya Sapthagiri Production, Plus Entertainment Pvt. Ltd., ICM Entertainment Production",05-08-2016,"Romance, Thriller",Rajeev Jhaveri,127
Rangoon,2017,Hindi,5.05,"Viacom 18 Motion Pictures, Nadiadwala Grandson Entertainment, Vishal Bhardwaj Pictures Pvt Ltd",24-02-2017,"Drama, Action, Romance",Vishal Bhardwaj,167
A Scandall,2016,Hindi,0.06,Let's Ring The Bell Productions,24-06-2016,Thriller,Ishan Shrivedi,
Aakhir Kab Tak,2016,Hindi,0.01,P.N.J Films,14-10-2016,", Drama",Mithilesh Avinash,
Naam Shabana,2017,Hindi,5.12,"Plan C Studios, KriArj Entertainment, Cape of Good Films, Reliance Entertainment, A Friday Filmworks",31-03-2017,"Action, Thriller",Shivam Nair,148
Shubh Mangal Saavdhan,2017,Hindi,2.71,"Eros International, Colour Yellow Production",01-09-2017,", Comedy, Romance",R.S. Prasanna,105
Thank God,2022,Hindi,8.1,"T-Series Super Cassettes Industries Ltd., Maruti International",25-10-2022,"Comedy, Drama",Indra Kumar,121
Badrinath Ki Dulhania,2017,Hindi,12.25,"Fox Star Studios, Dharma Productions",10-03-2017,"Romance, Comedy",Shashank Khaitan,139
Qarib Qarib Singlle,2017,Hindi,1.75,Zee Studios,10-11-2017,Drama,Tanuja Chandra,125
Batti Gul Meter Chalu,2018,Hindi,6.5,"T-Series Super Cassettes Industries Ltd., Krti Pictures LLP",21-09-2018,"Drama, Social",Shree Narayan Singh,175
Shab,2017,Hindi,0.18,"Anticlock Films, WSG Pictures",14-07-2017,", Thriller",Onir,108
Shehzada,2023,Hindi,0.95,,01-01-1972,,,
Kadvi Hawa,2017,Hindi,0.04,"Drishyam Films, Eros International",24-11-2017,Drama,Nila Madhab Panda,
Nikita Roy,2025,Hindi,0.19,"Nicky Vicky Bhagnani Films, Kratos Entertainment, Nikita Pai Films",18-07-2025,"Horror, Thriller",Kussh S Sinha,116
Fan,2016,Hindi,19.2,Yash Raj Films,15-04-2016,"Action, Drama",Maneesh Sharma,142
Matto Ki Saikil,2022,Hindi,0.1,Shivdeva Films,16-09-2022,"Social, Drama",M. Gani,
Pushtaini,2024,Hindi,0.05,"Lotus Dust Pictures, Vinraw Films",21-06-2024,", Comedy, Drama",Vinod Rawat,
Satellite Shankar,2019,Hindi,0.1,"T-Series Super Cassettes Industries Ltd., Cine1 Studios Production",08-11-2019,"Action, Drama, Family, Patriotic",Irfan Kamal,134
Saand Ki Aankh,2019,Hindi,0.48,Reliance Entertainment,25-10-2019,"Drama, Action, Biographical",Tushar Hiranandani,
One Day: Justice Delivered,2019,Hindi,0.1,"D Neev Films, A Cinema Friday International, Netrix Entertainment",05-07-2019,"Crime, Thriller",Ashok Nanda,124
Jagga Jasoos,2017,Hindi,8.57,"Walt Disney Pictures, Picture Shuru Productions",14-07-2017,"Comedy, Thriller",Anurag Basu,161
Luv You Shankar,2024,Hindi,0.04,"SD World Film Production, Jumping Tomato Studio",19-04-2024,"Mythological, Drama",Rajiv S. Ruia,117
Savi,2024,Hindi,2.05,"T-Series Super Cassettes Industries Ltd., Vishesh Films, Mishty Productions",31-05-2024,"Crime, Thriller",Abhinay Deo,126
Khel Toh Ab Shuru Hoga,2016,Hindi,0.03,"GMD Films, Batra Showbiz",13-05-2016,", Drama",Kunal V Singh,130
Judaa Hoke Bhi,2022,Hindi,0.25,K Sera Sera,15-07-2022,"Drama, Romance",Vikram Bhatt,118
Bhavesh Joshi Superhero,2018,Hindi,0.3,"Eros International, Phantom Films, Reliance Entertainment",01-06-2018,"Drama, Action, Social",Vikramaditya Motwane,155
Junglee,2019,Hindi,1.75,Sobodh Mukherjee Prod,01-01-1961,", Comedy, Musical, Romance",Subodh Mukherjee,
Sooryavanshi,2021,Hindi,26.29,"Dharma Productions, Cape of Good Films, Reliance Entertainment, Rohit Shetty Picturez",05-11-2021,"Action, Thriller",Rohit Shetty,145
Ghoomer,2023,Hindi,0.8,"Saraswati Entertainment Private Limited, Hope Film Makers",18-08-2023,"Sports, Drama",R. Balki,134
Batla House,2019,Hindi,14,"T-Series Super Cassettes Industries Ltd., Emmay Entertainment Pvt. Ltd, JA Entertainment Pvt. Ltd., Bake My Cake Film Production",15-08-2019,"Action, Crime, Drama, Thriller",Nikkhil Advani,146
Khandaani Shafakhana,2019,Hindi,0.75,T-Series Super Cassettes Industries Ltd.,02-08-2019,", Drama",Shilpi Dasgupta,137
Middle Class Love,2022,Hindi,0.5,"Benaras Media Works Production, Zee Studios",16-09-2022,"Romance, Comedy",Ratnaa Sinha,
Aksar 2,2017,Hindi,0.8,Siddhi Vinayak Creations,17-11-2017,"Drama, Thriller",Ananth Narayan Mahadevan,115
Ajab Singh Ki Gajab Kahani,2017,Hindi,0.04,"Shree Triveni Films International, An India E-Commerce Ltd.",21-04-2017,"Drama, Biographical",Rishi Prakash Mishra,114
Meri Pyaari Bindu,2017,Hindi,1.75,Yash Raj Films,12-05-2017,"Romance, Drama",Akshay Roy,119
Baaghi 2,2018,Hindi,0,,07-04-2000,"Action, Drama",,
Swatantrya Veer Savarkar,2024,Hindi,1.1,"Legend Global Studios, Randeep Hooda Films",22-03-2024,"Biographical, Patriotic",Randeep Hooda,178
Direct Ishq,2016,Hindi,0.11,Baba Motion Pictures,19-02-2016,", Comedy, Romance",Rajiv S. Ruia,130
War 2,2025,Hindi,29,Yash Raj Films,14-08-2025,"Action, Thriller",Ayan Mukerji,179
Maa,2025,Hindi,,Bombay Talkies,01-01-1952,Drama,Bimabl Ropay,
Harami,2021,Hindi,,Gobsmack Entertainment,,", Drama",Shyam Madiraju,
Baaghi 4,2025,Hindi,13.2,Nadiadwala Grandson Entertainment,05-09-2025,"Action, Romance",A. Harsha,163
Inspector Zende,2025,Hindi,,Northern Lights Entertainment,05-09-2025,"Comedy, Thriller",Chinmay Mandlekar,112
Param Sundari,2025,Hindi,7.37,Maddock Films,29-08-2025,"Romance, Comedy",Tushar Jalota,136
Son of Sardaar 2,2025,Hindi,7.5,"Ajay Devgn Films, Jio Studios",01-08-2025,"Comedy, Action",Vijay Kumar Arora,147
Jewel Thief - The Heist Begins,2025,Hindi,,,,,,
Dear Zindagi,2016,Hindi,8.75,"Dharma Productions, Red Chillies Entertainment, Hope Productions",25-11-2016,", Drama",Gauri Shinde,
Tehran,2025,Hindi,,"Maddock Films, Bake My Cake Film Production",14-08-2025,"Action, Thriller",Arun Gopalan,115
Friday Night Plan,2023,Hindi,,,,,,
Jawan,2023,Hindi,75,Red Chillies Entertainment,07-09-2023,"Action, Thriller",Atlee Kumar,169
Tumbbad,2018,Hindi,0.65,"Eros International Media Ltd, Colour Yellow Production, A Little Town Films Production",12-10-2018,"Horror, Thriller",Rahi Anil Barve,113
Despatch,2024,Hindi,,RSVP,13-12-2024,"Thriller, Drama",Kanu Behl,151
Carbon: A Story of Tomorrow,2017,Hindi,,,,,,
Singham Again,2024,Hindi,43.7,"Jio Studios, Rohit Shetty Productions",01-11-2024,"Action, Drama",Rohit Shetty,144
Dhadak 2,2025,Hindi,,,,,,
Sunny Sanskari Ki Tulsi Kumari,2025,Hindi,10.11,"Dharma Productions, Mentor Disciple Film",02-10-2025,"Romance, Comedy",Shashank Khaitan,136
Deva,2025,Hindi,5.78,"Zee Studios, Roy Kapur Films",31-01-2025,"Action, Thriller",Rosshan Andrrews,156
Rocky Aur Rani Kii Prem Kahaani,2023,Hindi,,,,,,
Uri: The Surgical Strike,2019,Hindi,,,,,,
Commando 2 - The Black Money Trail,2017,Hindi,,,,,,
Gang of Littles,2016,Hindi,,PNA Entertainment,,,Vijay Kumar Mishra,110
Teri Baaton Mein Aisa Uljha Jiya,2024,Hindi,7.02,"Maddock Films, Jio Studios",09-02-2024,"Romance, Drama","Amit Joshi, Aradhana Sah",143
Sardar Udham,2021,Hindi,,"Rising Sun Entertainment, Kino Works",16-10-2021,"Biographical, Drama",Shoojit Sircar,163
Khichdi 2: Mission Paanthukistan,2023,Hindi,,,,,,
Bade Miyan Chote Miyan,2024,Hindi,16.07,"Pooja Entertainment India Ltd., AAZ Films",11-04-2024,"Action, Thriller",Ali Abbas Zafar,164
Stree 2,2024,Hindi,,,01-01-1961,,V Shantaram,
Dhoom Dhaam,2025,Hindi,,"Jio Studios, B62 Studios",14-02-2025,"Comedy, Drama",Rishab Seth,109
Madgaon Express,2024,Hindi,1.63,Excel Entertainment,22-03-2024,"Comedy, Drama",Kunal Kemmu,144
Samrat Prithviraj,2022,Hindi,10.7,Yash Raj Films,03-06-2022,"Historical, Patriotic",Dr. Chandraprakash Dwivedi,133
Karwaan,2018,Hindi,1.6,"Ishka Films, RSVP",03-08-2018,", Drama",Akarsh Khurana,120
Murderbaad,2025,Hindi,0.05,"Reliance Entertainment, Acjee Entertainment",18-07-2025,"Crime, Drama",Arnab Chatterjee,153
Shaitaan,2024,Hindi,15.21,,,,,
Ginny Weds Sunny,2020,Hindi,,Soundrya Productions,09-10-2020,"Comedy, Romance",Puneet Khanna,125
Transistor,2021,Hindi,,,,,,
Operation Romeo,2022,Hindi,,"A Friday Filmworks, Reliance Entertainment",22-04-2022,", Drama",Neeraj Pandey,
Shershaah,2021,Hindi,,"Dharma Productions, Kaash Entertainment",12-08-2021,"Biographical, Patriotic",Vishnu Varadhan,137
Aap Jaisa Koi,2025,Hindi,,Dharma Productions,11-07-2025,"Romance, Comedy",Vivek Soni,115
Thamma,2025,Hindi,,"Maddock Films, Jio Studios",21-10-2025,"Horror, Romance",Aditya Sarpotdar,
Gehraiyaan,2022,Hindi,,"Dharma Productions, Viacom 18 Motion Pictures, Josuka Films",11-02-2022,"Romance, Drama",Shakun Batra,148
Stree,2018,Hindi,,Radio Sound Pictures,01-01-1938,,Saki,
Raees,2017,Hindi,,Ballet Pictures,01-01-1948,,Qaisar Sabhai,
Dasvi,2022,Hindi,,"Maddock Films, Bake My Cake Film Production, Jio Studios",07-04-2022,"Comedy, Social",Tushar Jalota,
Dange,2024,Hindi,0.15,"T-Series Super Cassettes Industries Ltd., Getaway Pictures, Roox Media",01-03-2024,"Action, Drama",Bejoy Nambiar,
Ek Chatur Naar,2025,Hindi,,Drama Company,,", Thriller",Sumit Roy King,
Satyaprem Ki Katha,2023,Hindi,9.25,"Nadiadwala Grandson Entertainment, Namah Pictures",29-06-2023,"Romance, Comedy",Sameer Vidwans,146
Demons,2022,Hindi,,,,,,
Hasmukh Saab ki Wasihat,2017,Hindi,,,,,,
14 Phere,2021,Hindi,,Zee Studios,23-07-2021,"Romance, Comedy",Devanshu Singh,
Crew,2024,Hindi,10.28,"Balaji Motion Pictures, Anil Kapoor Films Company",29-03-2024,"Comedy, Drama",Rajesh Krishnan,123
Sui Dhaaga - Made in India,2018,Hindi,8.3,,,,,
Attack,2022,Hindi,,,,,,
Trapped,2017,Hindi,,Indian Art Prod,01-01-1931,", Social, Thriller",M Bhavnani,
Dear Maya,2017,Hindi,0.13,"Waves Cinemas, Bake My Cake Film Production",02-06-2017,Drama,Sunaina Bhatnagar,131
JugJugg Jeeyo,2022,Hindi,9.28,"Dharma Productions, Viacom 18 Motion Pictures",24-06-2022,"Comedy, Family",Raj Mehta,148
Toilet: A Love Story,2017,Hindi,,,,,,
Chakki,2022,Hindi,0.02,,07-10-2022,"Comedy, Drama",Satish Munda,
Chandu Champion,2024,Hindi,4.25,"Nadiadwala Grandson Entertainment, Kabir Khan Films",14-06-2024,"Biographical, Sports",Kabir Khan,143
Sikandar Ka Muqaddar,2024,Hindi,,,,,,
Band of Maharajas,2024,Hindi,,,,,,
Tu Meri Main Tera Main Tera Tu Meri,2025,Hindi,,"Dharma Productions, Namah Pictures",31-12-2025,"Romance, Action",Sameer Vidwans,
Gyanvapi Files: A Tailor's Murder Story,2025,Hindi,,,,,,
Dil Dosti Aur Dogs,2025,Hindi,,,,,,
Girls Will Be Girls,2024,Hindi,,,,,,
1080 - The Legacy of Mahaveer,2023,Hindi,,,,,,
Josef - Born in Grace,2019,Hindi,,,,,,
Koi Jaane Na,2021,Hindi,,"T-Series Super Cassettes Industries Ltd., Amin Hajee Film Company",02-04-2021,"Thriller, Suspense",Amin Hajee,
Hindutva,2022,Hindi,0.4,Jaikara Films,07-10-2022,"Drama, Social",Karan Razdan,135
Nil Battey Sannata,2016,Hindi,0.32,"Eros International, Jar Pictures, Colour Yellow Production",22-04-2016,", Comedy, Drama",Ashwiny Iyer Tiwari,
Vedaa,2024,Hindi,6.75,"Emmay Entertainment Pvt. Ltd, Zee Studios, JA Entertainment Pvt. Ltd.",15-08-2024,"Action, Drama",Nikkhil Advani,150
Mili,2022,Hindi,,,01-01-1975,", Musical, Romance",Hrishikesh Mukherjee,
The Miranda Brothers,2024,Hindi,,,,,,
Yodha,2024,Hindi,,,22-02-1991,", Action",Rahul Rawail,
All India Rank,2024,Hindi,0.35,Matchbox Shots,23-02-2024,", Comedy, Drama",Varun Grover,
Woh Bhi Din The,2024,Hindi,,,,,,
Nadaaniyan,2025,Hindi,,Dharmatic Entertainment,07-03-2025,"Romance, Drama",Shauna Gautam,119
Operation Mayfair,2023,Hindi,,"T-Series Super Cassettes Industries Ltd., Vedant Films, Handcraft Pictures Ltd",24-03-2023,"Crime, Thriller",Sudipto Sarkar,116
Yugantar,2025,Hindi,,,,,,
Kaamyaab,2020,Hindi,0.35,"Red Chillies Entertainment, Drishyam Films",06-03-2020,", Comedy, Drama",Hardik Mehta,
Aasma,2025,Hindi,,,,,,
Ek Kori Prem Katha,2024,Hindi,0.04,"Kenilworth Film Productions, Sughand Films",05-04-2024,"Romance, Drama",Chinmay Purohit,
Raaz Reboot,2016,Hindi,6.3,"Vishesh Films, T-Series Super Cassettes Industries Ltd.",16-09-2016,", Horror",Vikram Bhatt,127
Maalik,2025,Hindi,,Sunny Art Productions,01-01-1958,Drama,S M Yusuf,
Gumraah,2023,Hindi,,Dharma Productions,24-09-1993,"Drama, Action","Himanshu Brahmbhatt, Mahesh Bhatt, Gurudev Bhalla, Vijay Kumar",
Raksha Bandhan,2022,Hindi,,,01-01-1976,,Shantilal Soni,
U-Turn,2023,Hindi,,Balaji Motion Pictures,28-04-2023,"Horror, Thriller",Arif Khan,
Shaadisthan,2021,Hindi,,,,,,
Mumbai Varanasi Express,2017,Hindi,,,,,,
Irani Chai,2024,Hindi,,,,,,
Brij Mohan Amar Rahe!,2017,Hindi,,Yoodlee Films,03-08-2018,"Social, Drama",Nikhil Bhatt,99
Hurdang,2022,Hindi,,"Karma Media Entertainment, T-Series Super Cassettes Industries Ltd., Gothic Entertainment",08-04-2022,", Romance",Nikhil Nagesh Bhat,
The B****di,2025,Hindi,,,,,,
Accident or Conspiracy: Godhra,2024,Hindi,0.5,"Om Trinetra Films, Artverse Studios",19-07-2024,"Crime, Drama",M.K. Shivaaksh,156
Coolie No. 1,2020,Hindi,0.74,Pooja Entertainment India Ltd.,30-06-1995,", Comedy, Romance","David Dhawan, K Raghavendra Rao",
Taish,2020,Hindi,,"Easemytrip.com, Getaway Pictures, A Crayon Films Production",29-10-2020,"Action, Drama",Bejoy Nambiar,
Ok Jaanu,2017,Hindi,4.08,"Dharma Productions, Fox Star Studios, Madras Talkies",13-01-2017,"Romance, Drama",Shaad Ali,137
Newton,2017,Hindi,0.96,Drishyam Films,22-09-2017,"Drama, Social",Amit Masurkar,106
Thai Massage,2022,Hindi,,"T-Series Super Cassettes Industries Ltd., Reliance Entertainment, Window Seat Films",11-11-2022,", Comedy",Mangesh Hadawale,
Mrs. Chatterjee Vs Norway,2023,Hindi,1.27,"Emmay Entertainment Pvt. Ltd, Zee Studios",17-03-2023,"Biographical, Drama",Ashima Chibber,135
Kaali Khuhi,2020,Hindi,,,,,,
Lovefucked,2018,Hindi,,,,,,
Qala,2022,Hindi,,,,,,
Khuda Haafiz Chapter 2: Agni Pariksha,2022,Hindi,,,,,,
Sonata,2017,Hindi,,,,,,
Love in Vietnam,2025,Hindi,0.06,"Blue Lotus Pictures, Zee Studios, Tariq Khan Production, Rahhat Shah Kazmi Films, Zebaish Entertainment, Mango Tree Entertainment",12-09-2025,"Romance, Drama",Rahhat Shah Kazmi,132
Indoo Ki Jawani,2020,Hindi,0.22,"T-Series Super Cassettes Industries Ltd., Emmay Entertainment Pvt. Ltd, Electric Apples Entertainment",11-12-2020,"Comedy, Romance",Abir Sengupta,118
Sarkar 3,2017,Hindi,2.1,"Alumbra Entertainment, Eros Entertainment, Waves Cinemas, A B Corp",12-05-2017,", Drama",Ram Gopal Varma,132
7 Hours to Go,2016,Hindi,0.45,Krian Pictures,24-06-2016,", Action, Suspense, Thriller",Saurabh Varma,114
Gulmohar,2023,Hindi,,"Fox Star Studios, Chalkboard Entertainment LLP, Autonomous Work Manager",03-03-2023,"Drama, Family",Rahul V. Chittella,
Junction Varanasi,2019,Hindi,0.01,Aryan Entertainment World,18-10-2019,", Drama",Dheeraj Pandit,143
Baaghi 3,2020,Hindi,11.94,"Utv Motion Pictures, Nadiadwala Grandson Entertainment",29-04-2016,"Action, Romance",Sabbir Khan,139
Ajab Singh ki Gazab Kahani,2017,Hindi,,,,,,
"Monica, O My Darling",2022,Hindi,,,,,,
Ek Villain Returns,2022,Hindi,7.05,"T-Series Super Cassettes Industries Ltd., Balaji Telefilms Ltd",29-07-2022,"Action, Thriller",Mohit Suri,128
Sab Kushal Mangal,2020,Hindi,0.15,One Up Entertainment,03-01-2020,"Drama, Action, Comedy, Crime",Karan Kashyap,134
Zara Hatke Zara Bachke,2023,Hindi,5.49,"Maddock Films, Jio Studios",02-06-2023,"Romance, Comedy",Laxman Utekar,132
Ludo,2020,Hindi,,T-Series Super Cassettes Industries Ltd.,12-11-2020,"Action, Drama",Anurag Basu,
Counterfeit Kunkoo,2018,Hindi,,,,,,
Shadyantra,2022,Hindi,,,,,,
Kisi Ka Bhai... Kisi Ki Jaan,2023,Hindi,15.81,Salman Khan Films,21-04-2023,"Action, Comedy",Farhad Samji,144
Yudhra,2024,Hindi,4.52,Excel Entertainment,20-09-2024,"Thriller, Action",Ravi Udyawar,141
Mee Raqsam,2020,Hindi,,,,,,
Romeo Akbar Walter,2019,Hindi,5.35,"Viacom 18 Motion Pictures, Red Ice Productions, KYTA Productions, VA Film Company",05-04-2019,"Action, Drama, Patriotic, Thriller",Robby Grewal,
Gunjan Saxena: The Kargil Girl,2020,Hindi,,"Dharma Productions, Zee Studios",12-08-2020,"Biographical, Drama, Patriotic",Sharan Sharma,110
Atrangi Re,2021,Hindi,,"T-Series Super Cassettes Industries Ltd., Cape of Good Films, Colour Yellow Production",24-12-2021,"Romance, Comedy",Aanand. L. Rai,138
Munjya,2024,Hindi,4.21,Maddock Films,07-06-2024,"Horror, Comedy",Aditya Sarpotdar,123
Srikanth,2024,Hindi,2.41,"T-Series Super Cassettes Industries Ltd., Chalk N Cheese Films Production LLP",10-05-2024,"Biographical, Drama",Tushar Hiranandani,134
Rocky Handsome,2016,Hindi,5.39,"J.A. Entertainment, Azure Entertainment",24-03-2016,Action,Nishikant Kamat,126
Khwaabon Ka Jhamela,2024,Hindi,,,,,,
