Title,Year,Language,Day1_collection_cr,Production Company,Release Date,Genre,Director,Runtime (min)
Antim:The Final Truth,2021,Hindi,5.03,"Salman Khan Films, Zee Studios",26-11-2021,"Action, Crime",Mahesh Manjrekar,140
OMG 2,2023,Hindi,10.26,"Cape of Good Films, Wakaoo Films, Viacom18 Studio",11-08-2023,"Comedy, Drama",Amit Rai,156
Lipstick Under My Burkha,2017,Hindi,1.22,"Prakash Jha Productions, ALT Entertainment",21-07-2017,Drama,Alankrita Shrivastava,119
Manikarnika:The Queen of Jhansi,2019,Hindi,8.75,"Kairos Kontent Studios, Zee Studios, Manikarnika Films",25-01-2019,"Epic, Historical, Drama","Radha Krishna Jagarlamudi,Kangana Ranaut",150
Shamshera,2022,Hindi,10.25,Yash Raj Films,22-07-2022,"Action, Drama",Karan Malhotra,158
Anaarkali of Aarah,2017,Hindi,0.1,Promodome Films,24-03-2017,Drama,Avinash Das,113
The Sabarmati Report,2024,Hindi,1.3,"Balaji Telefilms Ltd, Vikir Films Production",15-11-2024,"Crime, Drama",Dheeraj Sarna,123
Oye Bhootni Ke,2025,Hindi,0.001,"E Entertainment, Sahatayam Films, Shalimar Productions",25-04-2025,"Horror, Comedy",Ajay Kailash Yadav,149
Babumoshai Bandookbaaz,2017,Hindi,2.05,"Movies by the Mob, Gothic Entertainment",25-08-2017,"Action, Drama",Kushan Nandy,122
Sirf Ek Bandaa Kaafi Hai,2023,Hindi,0.01,"Zee Studios, Bhanushali Studios Limited",02-06-2023,"Crime, Thriller",Apoorv Singh Karki,127
Azaad,2025,Hindi,1.4,"Guy In The Sky Pictures, RSVP",17-01-2025,"Action, Drama","Abhishek Kapoor, Chandan Arora",147
Main Ladega,2024,Hindi,0.2,Kathakaar Films,26-04-2024,"Sports, Drama",Gaurav Rana,148
Ishq Forever,2016,Hindi,0.28,Friday Cine Entertainment,19-02-2016,"Drama, Romance",Sameer Sippy,125
72 Hoorain,2023,Hindi,1.25,"Saarthie Entertainment, Aliens Pictures Production",07-07-2023,"Crime, Drama",Sanjay Puran Singh Chauhan,120
Pagalpanti,2019,Hindi,4.75,"Panorama Studios, T-Series Super Cassettes Industries Ltd.",22-11-2019,"Comedy, Drama",Anees Bazmee,165
Marjaavaan,2019,Hindi,7.03,"T-Series Super Cassettes Industries Ltd., Emmay Entertainment Pvt. Ltd",15-11-2019,"Action, Drama, Romance",Milap Zaveri,136
Union Leader,2018,Hindi,0.07,Dim Light Pictures,19-01-2018,"Drama, Social",Sanjay Patel,105
Gadar 2,2023,Hindi,40.1,"M M Movies, Zee Studios, Anil Sharma Productions",11-08-2023,"Action, Patriotic",Anil Sharma,170
Sonchiriya,2019,Hindi,1.2,"Macguffin Pictures, RSVP",01-03-2019,Drama,Abhishek Chaubey,145
Half Girlfriend,2017,Hindi,10.27,Balaji Motion Pictures,19-05-2017,Romance,Mohit Suri,135
Mantra,2017,Hindi,0.06,"Filmart Productions, North East Films, Shri Production, Zenyth Media House",17-03-2017,Drama,Nicholas Kharkongor,90
The Legend of Michael Mishra,2016,Hindi,0.1,Eye Candy Films,05-08-2016,Comedy,Manish Jha,124
Behen Hogi Teri,2017,Hindi,0.32,Oddball Motion Pictures,09-06-2017,Comedy,Ajay K Pannalal,128
Wajah Tum Ho,2016,Hindi,2.86,T-Series Super Cassettes Industries Ltd.,16-12-2016,Drama,Vishal Pandya,136
Irada,2017,Hindi,0.12,Irada Entertainment,17-02-2017,Drama,"Aparna Singh, Nishant Tripathi",110
Mirza Juuliet,2017,Hindi,0.1,"Shemaroo Entertainment, Green Apple Media, Falansha Media PVT Limited",07-04-2017,Drama,Rajesh Ram Singh,125
Darran Chhoo,2023,Hindi,0.03,Mark Movies,13-10-2023,"Comedy, Drama",Bharat Ratan,0
Binny And Family,2024,Hindi,0.25,"Balaji Telefilms Ltd, Waveband Production, Mahaveer Jain Films",27-09-2024,"Family, Drama",Ssanjay Tripaathy,139
Veere Di Wedding,2018,Hindi,10.7,"Anil Kapoor Films Company, Balaji Telefilms Ltd",01-06-2018,"Drama, Comedy",Shashanka Ghosh,125
Satyameva Jayate,2018,Hindi,20.52,"T-Series Super Cassettes Industries Ltd., Emmay Entertainment Pvt. Ltd",15-08-2018,"Action, Patriotic",Milap Zaveri,141
Kaabil,2017,Hindi,10.43,Filmkraft Productions,25-01-2017,Drama,Sanjay Gupta,139
Romeo-N-Bullet,2017,Hindi,0.3,"Jay Shree Ram Creations, Cine Movie Studio",14-04-2017,"Action, Romance",Aditya Kumar,116
Arjun Patiala,2019,Hindi,1.25,"Maddock Films, Bake My Cake Film Production",26-07-2019,"Comedy, Action, Drama",Rohit Jugraj,106
Mannu Kya Karegga,2025,Hindi,0.5,Curious Eyes Cinema,12-09-2025,"Romance, Comedy",Ssanjay Tripaathy,141
Traffic,2016,Hindi,0.4,"Fox Star Studios, Eyedentity Motion Pictures, Endemol Shine India Production",29-04-2016,"Thriller, Drama",Rajesh Pillai,104
Tara Vs Bilal,2022,Hindi,0.02,"JA Entertainment Pvt. Ltd., T-Series Super Cassettes Industries Ltd., TVB Films",28-10-2022,"Romance, Drama",Samar Iqbal,126
Aa Bhi Ja O Piya,2022,Hindi,0.01,Johar Entertainment,07-10-2022,"Romance, Drama",Rajesh Harivansh Mishra,112
Baby John,2024,Hindi,11.25,"Cine1 Studios Production, A For Apple Studios, Jio Studios",25-12-2024,"Action, Thriller",Kalees,164
Fredrick,2016,Hindi,10.43,Evana Entertainment,27-05-2016,Crime,Rajesh Butalia,129
Aankhon Ki Gustaakhiyan,2025,Hindi,0.4,"Mini Films, Zee Studios, Open Window Films",11-07-2025,"Romance, Drama",Santosh Singh,140
Happy Bhag Jayegi,2016,Hindi,2.32,"Eros International, A Colour Yellow Production",19-08-2016,Comedy,Mudassar Aziz,126
Madam Chief Minister,2021,Hindi,1,"T-Series Super Cassettes Industries Ltd., Kangra Talkies",22-01-2021,Drama,Subhash Kapoor,123
Bioscopewala,2018,Hindi,0.25,"Fox Star Studios, Handmade Films",25-05-2018,Drama,Deb Medhekar,0
Judwaa 2,2017,Hindi,16.1,"Nadiadwala Grandson Entertainment, Fox Star Studios",29-09-2017,"Comedy, Action",David Dhawan,150
Kesari Veer,2025,Hindi,0.25,Chauhan Studios,23-05-2025,"Period, Drama",Prince Dhiman,161
Laal Singh Chaddha,2022,Hindi,11.7,"Aamir Khan Productions, Viacom 18 Motion Pictures",11-08-2022,"Family, Drama",Advait Chandan,164
A Death in the Gunj,2017,Hindi,0.1,"Studioz IDrream, Macguffin Pictures, Moh Maya Films",02-06-2017,Drama,Konkona Sen Sharma,110
Flat 211,2017,Hindi,0.02,Ajha Global Entertainment,02-06-2017,"Suspense, Thriller",Sunil Sanjan,106
Panipat,2019,Hindi,4.12,"Ashutosh Gowariker Productions, Vision World",06-12-2019,"Historical, Drama",Ashutosh Gowariker,173
Tere Bin Laden: Dead or Alive,2016,Hindi,2.1,Walkwater Media,26-02-2016,Comedy,Abhishek Sharma,110
Motichoor Chaknachoor,2019,Hindi,0.4,"Viacom 18 Motion Pictures, Woodpecker Movies",15-11-2019,"Comedy, Drama",Debamitra Biswal,135
Section 375,2019,Hindi,1.45,"Panorama Studios, T-Series Super Cassettes Industries Ltd.",13-09-2019,Drama,Ajay Bahl,123
Mona Darling,2017,Hindi,2.1,"Pooja Entertainment India Ltd., First Ray Films",24-02-2017,Thriller,Shashi Sudigala,112
Major,2022,Hindi,1.1,"Sony Pictures, GMB Entertainment, A+S Movies",03-06-2022,"Drama, Action, Patriotic",Sashi Kiran Tikka,148
Chehre,2021,Hindi,0.4,"Saraswati Entertainment Private Limited, Anand Pandit Motion Pictures",27-08-2021,"Thriller, Drama",Rumy Jafry,139
Simran,2017,Hindi,2.77,"T-Series Super Cassettes Industries Ltd., Paramhans Creations, Karma Features Pvt. Ltd.",15-09-2017,Drama,Hansal Mehta,125
Animal,2023,Hindi,63.8,"T-Series Super Cassettes Industries Ltd., Bhadrakali Pictures Production",01-12-2023,"Action, Thriller",Sandeep Reddy Vanga,203
Wedding Anniversary,2017,Hindi,0.19,V K Productions,24-02-2017,"Drama, Social",Shekhar S Jha,108
Panchlait,2017,Hindi,0.02,Funtime Entertainment,17-11-2017,Drama,Prem Prakash Modi,120
Sitaare Zameen Par,2025,Hindi,10.7,Aamir Khan Productions,20-06-2025,"Comedy, Drama",R.S. Prasanna,158
Inn Galiyon Mein,2025,Hindi,0.03,Yadunath Films,14-03-2025,"Romance, Drama",Avinash Das,100
Laal Rang,2016,Hindi,149.1493,Krian Pictures,22-04-2016,"Action, Crime",Syed Ahmad Afzal,149
Tejas,2023,Hindi,1.2,RSVP,27-10-2023,"Action, Patriotic",Sarvesh Mewara,112
Murari the Mad Gentleman,2016,Hindi,1.1,"Deepa Krishna Production No. 1, Sunny World Wide Films",11-03-2016,"Comedy, Drama",Sujad Iqbal Khan,107
Raabta,2017,Hindi,5.61,"Maddock Films, T-Series Super Cassettes Industries Ltd.",09-06-2017,"Action, Romance",Dinesh Vijan,154
Dobaara: See Your Evil,2017,Hindi,0.46,"B4U Motion Pictures, Relativity Media, Zahhak Films, Intrepid Pictures",02-06-2017,"Horror, Thriller",Prawaal Raman,131
Hate Story 4,2018,Hindi,3.76,T-Series Super Cassettes Industries Ltd.,09-03-2018,"Adult, Thriller",Vishal Pandya,130
Falooda,2018,Hindi,0.006,Dev Gayati Entertainment,18-05-2018,Drama,Dheeraj Singh,122
The Legacy of Jineshwar,2024,Hindi,0.05,Mahaveer Talkies,19-04-2024,Drama,"Pradeep P. Jadhav , Vivek Iyer",119
Thackeray,2019,Hindi,6,"Viacom 18 Motion Pictures, Carnival Motion Pictures, Rauters Entertainment",25-01-2019,"Biographical, Drama",Abhijit Panse,138
Hanuman vs Mahiravana,2018,Hindi,0.9,"Gamaya, Green Gold Animation",06-07-2018,Animation,Ezhil Vendan,91
Kuch Khattaa Ho Jaay,2024,Hindi,0.25,Mach Films,16-02-2024,"Family, Drama",G Ashok,125
Dangal,2016,Hindi,29.78,"Aamir Khan Productions, Disney India Studio",23-12-2016,"Biographical, Sports",Nitesh Tiwari,161
Saiyaara,2025,Hindi,22,Yash Raj Films,18-07-2025,"Romance, Drama",Mohit Suri,156
Dil Jo Na Keh Saka,2017,Hindi,1.1,"PVR Pictures, Diyas Productions Pvt. Ltd",17-11-2017,Romance,Naresh Lalwani,130
Bengal 1947,2024,Hindi,0.03,Platoon Distribution,29-03-2024,"Period, Drama",Akashaditya Lama,0
Three of Us,2023,Hindi,0.3,"Allu Entertainment, Matchbox Shots",03-11-2023,Drama,Avinash Arun Dhaware,100
Raid 2,2025,Hindi,19.71,"Panorama Studios, T-Series Super Cassettes Industries Ltd.",01-05-2025,"Crime, Thriller",Rajkumar Gupta,139
The Diplomat,2025,Hindi,4.03,"JA Entertainment Pvt. Ltd., T-Series Super Cassettes Industries Ltd., Wakaoo Films, Seeta Films, Fortune Pictures",14-03-2025,"Action, Thriller",Shivam Nair,137
Shaadi Mein Zaroor Aana,2017,Hindi,0.75,"Soham Rockstar Entertainment, Soundrya Productions",10-11-2017,"Comedy, Drama",Ratnaa Sinha,137
12th Fail,2023,Hindi,1.1,"Vidhu Vinod Chopra Productions, Zee Studios",27-10-2023,"Biographical, Drama",Vidhu Vinod Chopra,147
Selfiee,2023,Hindi,3,"Star Studio, Dharma Productions, Cape of Good Films, Prithviraj Productions",24-02-2023,"Drama, Comedy",Raj Mehta,143
Great Grand Masti,2016,Hindi,2.5,"Maruti International, ALT Entertainment, Shri Adhikari Bros",15-07-2016,"Adult, Comedy",Indra Kumar,133
Mere Desh Ki Dharti,2022,Hindi,8.5,Carnival Motion Pictures,06-05-2022,"Drama, Patriotic",Faraz Haider,124
Rashtra Kavach Om,2022,Hindi,1.5,"Paperdoll Entertainment, Zee Studios",01-07-2022,"Action, Thriller",Kapil Verma,135
Andhadhun,2018,Hindi,2.7,"Matchbox Pictures, Viacom 18 Motion Pictures",05-10-2018,"Drama, Crime, Suspense, Thriller",Sriram Raghavan,139
Chhaava,2025,Hindi,31,Maddock Films,14-02-2025,"Historical, Drama",Laxman Utekar,161
Jigra,2024,Hindi,4.55,"Dharma Productions, Eternal Sunshine Productions, Viacom18 Studio",11-10-2024,"Action, Drama",Vasan Bala,155
Gali Guleiyan,2018,Hindi,0.1,Exstant Motion Pictures,07-09-2018,Drama,Dipesh Jain,117
Adipurush,2023,Hindi,36,"T-Series Super Cassettes Industries Ltd., Retrophiles Productions",16-06-2023,"Mythological, Drama",Om Raut,179
Tu Jhoothi Main Makkaar,2023,Hindi,15.73,"T-Series Super Cassettes Industries Ltd., Luv Films",08-03-2023,"Romance, Comedy",Luv Ranjan,159
Bell Bottom,2021,Hindi,20.92,"Pooja Entertainment India Ltd., Emmay Entertainment Pvt. Ltd",19-08-2021,"Action, Thriller",Ranjit M Tewari,125
Sarfira,2024,Hindi,2.5,"Cape of Good Films, Abundantia Entertainment, 2D Entertainment",12-07-2024,"Biographical, Drama",Sudha Kongara,155
Kesari,2019,Hindi,21.06,"Dharma Productions, Cape of Good Films, Azure Entertainment, Zee Studios",21-03-2019,"Drama, Action, Patriotic, Period",Anurag Singh,150
Yaatris,2023,Hindi,0.03,"Akion Entertainment, Thinking Bird Production",24-11-2023,"Family, Drama",Harish Vyas,108
Dear Dad,2016,Hindi,0.22,Peppermint Studios,06-05-2016,Drama,Tanuj Bhramar,95
October,2018,Hindi,4.25,Rising Sun Films Production,13-04-2018,"Drama, Romance",Shoojit Sircar,115
Mahavatar Narsimha,2025,Hindi,1.46,Kleem Productions,25-07-2025,"Mythological, Drama",Ashwini Kumar,131
Ek Ladki Ko Dekha Toh Aisa Laga,2019,Hindi,3.3,"Vidhu Vinod Chopra Productions, Fox Star Studios, Rajkumar Hirani Films",01-02-2019,"Drama, Romance",Shelly Chopra Dhar,120
Tu Hai Mera Sunday,2017,Hindi,0.1,Love And Faith Films,06-10-2017,Drama,Milind Dhaimade,126
Tumko Meri Kasam,2025,Hindi,0.5,Indira Entertainment,21-03-2025,"Biographical, Thriller",Vikram Bhatt,166
Coffee with D,2017,Hindi,0.15,Apex Entertainment,20-01-2017,Comedy,Vishal Mishra,123
Ajmer 92,2023,Hindi,1,"Reliance Entertainment, U&K Films Entertainment, Sumit Motion Pictures, Little Crew Pictures Production",21-07-2023,"Crime, Drama",Pushpendra Singh,0
Mitron,2018,Hindi,119.1193,Abundantia Entertainment,14-09-2018,"Comedy, Drama",Nitin Kakkar,119
Saina,2021,Hindi,0.05,"T-Series Super Cassettes Industries Ltd., Front Foot Pictures",26-03-2021,"Biographical, Sports",Amole Gupte,133
Game Over,2017,Hindi,0.03,"Dream Machine Pvt. Ltd., Koning Entertainment, Dream International",08-12-2017,"Suspense, Adult, Thriller",Paresh Vinodray Savani,143
Emergency,2025,Hindi,2,"Manikarnika Films, Zee Studios",17-01-2025,"Historical, Drama",Kangana Ranaut,148
3 Storeys,2018,Hindi,0.36,"B4U Motion Pictures, Excel Entertainment, An Open Air Films Production",09-03-2018,"Drama, Romance, Suspense, Thriller",Arjun Mukerjee,100
Metro... In Dino,2025,Hindi,3.35,"T-Series Super Cassettes Industries Ltd., Anurag Basu Productions",04-07-2025,"Romance, Drama",Anurag Basu,162
Trahimam,2022,Hindi,0.005,"Achleshwar Film, Dushyant Corporation",16-12-2022,"Action, Drama",Dushyant Pratap Singh,74
102 Not Out,2018,Hindi,3.52,"Benchmark Pictures, Treetop Entertainment, Sony Pictures",04-05-2018,"Comedy, Drama, Family",Umesh Shukla,102
Evening Shadows,2019,Hindi,0.02,Solaris Pictures,11-01-2019,Drama,Sridhar Rangayan,102
Noor,2017,Hindi,0.02,"T-Series Super Cassettes Industries Ltd., Abundantia Entertainment",21-04-2017,"Drama, Social",Sunhil Sippy,116
Do Aur Do Pyaar,2024,Hindi,0.6,"Applause Entertainment, Ellipsis Entertainment",19-04-2024,"Family, Drama",Shirsha Guha Thakurta,139
Lakadbaggha,2023,Hindi,0.11,First Ray Films,13-01-2023,"Action, Drama",Victor Mukherjee,129
Baar Baar Dekho,2016,Hindi,0.1,"Dharma Productions, Excel Entertainment, Eros International",09-09-2016,Comedy,Nitya Mehra,141
5 Weddings,2018,Hindi,94.943,UniGlobe Entertainment,26-10-2018,"Comedy, Drama",Namrata Singh Gujral,94
I Want to Talk,2024,Hindi,0.2,"Rising Sun Films Production, Kino Works",22-11-2024,"Biographical, Drama",Shoojit Sircar,122
Bharat,2019,Hindi,42.3,"T-Series Super Cassettes Industries Ltd., Salman Khan Films, Reel Life Production Pvt Ltd",05-06-2019,"Family, Drama",Ali Abbas Zafar,167
Ram Setu,2022,Hindi,15.25,"Cape of Good Films, Abundantia Entertainment, Lyca Productions",25-10-2022,"Action, Thriller",Abhishek Sharma,144
Chhichhore,2019,Hindi,7.32,"Nadiadwala Grandson Entertainment, Fox Star Studios",06-09-2019,"Comedy, Drama",Nitesh Tiwari,145
Ittefaq,2017,Hindi,20.42,"Dharma Productions, Red Chillies Entertainment, B.R. Studios",14-02-2017,Thriller,Sanjay Khanna,107
Jersey,2022,Hindi,2.93,"Brat Films Production, Dil Raju Productions, Allu Entertainment, Sithara Entertainments",22-04-2022,"Family, Sports",Gowtam Tinnanauri,170
Mardaani 2,2019,Hindi,3.8,Yash Raj Films,13-12-2019,"Action, Crime",Gopi Puthran,105
Mission Raniganj,2023,Hindi,2.8,"Pooja Entertainment India Ltd., Ajay Kapoor Productions",06-10-2023,"Biographical, Thriller",Tinu Suresh Desai,138
Sky Force,2025,Hindi,15.3,"Maddock Films, Jio Studios",24-01-2025,"Action, Patriotic","Sandeep Kewlani, Abhishek Anil Kapur",125
Nishaanchi,2025,Hindi,0.2,"Jar Pictures, Amazon MGM Studios, Flip Films",19-09-2025,"Action, Drama",Anurag Kashyap,176
Milan Talkies,2019,Hindi,0.15,Filmy Keeda Productions,15-03-2019,Drama,Tigmanshu Dhulia,141
Nazar Andaaz,2022,Hindi,0.001,"T-Series Super Cassettes Industries Ltd., Kathputli Creations",07-10-2022,"Comedy, Drama",Vikrant Deshmukh,103
Luka Chuppi,2019,Hindi,8.01,Maddock Films,01-03-2019,"Comedy, Romance",Laxman Utekar,126
Beiimaan Love,2016,Hindi,0.7,Avanti Films Pvt Ltd.,14-10-2016,"Crime, Drama",Rajeev Chaudhari,120
Sonu Ke Titu Ki Sweety,2018,Hindi,6.42,"Luv Films, T-Series Super Cassettes Industries Ltd.",23-02-2018,"Comedy, Drama",Luv Ranjan,140
Partition: 1947,2017,Hindi,10.43,Reliance Entertainment,18-08-2017,Drama,Gurinder Chadha,106
Kaagaz 2,2024,Hindi,0.02,"The Satish Kaushik Entertainment, Venus Worldwide Entertainment",01-03-2024,"Social, Drama",V.K. Prakash,125
Jia aur Jia,2017,Hindi,2.9,Trilogic Digital Media Limited,27-10-2017,Drama,Howard Rosemeyer,92
The Bengal Files,2025,Hindi,1.5,Abhishek Agarwal Arts,05-09-2025,"Social, Drama",Vivek Agnihotri,204
Tera Intezaar,2017,Hindi,0.5,Bageshree Films,01-12-2017,"Romance, Thriller",Raajeev Walia,108
Ganapath,2023,Hindi,2.2,"Pooja Entertainment India Ltd., Good Co. Production",20-10-2023,"Action, Sports",Vikas Bahl,134
Housefull 4,2019,Hindi,16.5,"Nadiadwala Grandson Entertainment, Fox Star Studios",25-10-2019,"Comedy, Drama",Farhad Samji,146
Double XL,2022,Hindi,0.15,"T-Series Super Cassettes Industries Ltd., Wakaoo Films, Elemen3 Entertainment, Reclining Seats Cinema",04-11-2022,"Comedy, Drama",Satramm Ramani,0
Bad Newz,2024,Hindi,8.62,"Dharma Productions, Leo Media Collective, Amazon Prime Video",19-07-2024,"Comedy, Drama",Anand Tiwari,142
Fanney Khan,2018,Hindi,2.15,"Rakeysh Omprakash Mehra Pictures, T-Series Super Cassettes Industries Ltd.",03-08-2018,"Family, Drama",Atul Manjrekar,129
Mercury,2018,Hindi,0.32,Life To Live Films,13-04-2018,Drama,Karthik Subbaraj,14
Freaky Ali,2016,Hindi,0.1,"Salman Khan Films, Sohail Khan Productions",09-09-2016,Drama,Sohail Khan,120
Ground Zero,2025,Hindi,1.15,Excel Entertainment,25-04-2025,"Action, Patriotic",Tejas Prabha Vijay Deoskar,137
Tipppsy,2024,Hindi,0.08,"Panorama Studios, Alliance Productions India LLP, Raju Chadha Films",10-05-2024,"Thriller, Drama",Deepak Tijori,115
Maidaan,2024,Hindi,7.25,"Zee Studios, Bayview Projects LLP, Freshlime Studios",11-04-2024,"Biographical, Sports",Amit Ravindernath Sharma,181
Dhanak,2016,Hindi,0.29,"Kukunoor Movies, Drishyam Films",17-06-2016,Drama,Nagesh Kukunoor,116
Dongri Ka Raja,2016,Hindi,0.27,Filmy Keeda Productions,11-11-2016,Action,Hadi Ali Abrar,139
Chicken Curry Law,2019,Hindi,127.1273,PAN India,09-08-2019,"Drama, Crime, Social",Shekhar Sirrinn,127
Heropanti 2,2022,Hindi,6.5,Nadiadwala Grandson Entertainment,29-04-2022,"Action, Romance",Ahmed Khan,142
Siya,2022,Hindi,0.2,"Panorama Studios, Drishyam Films",16-09-2022,"Drama, Social",Manish Mundra,109
Vikram Vedha,2022,Hindi,10.58,"T-Series Super Cassettes Industries Ltd., A Friday Filmworks, Reliance Entertainment, Jio Studios, Y Not Studios",30-09-2022,"Action, Thriller","Gayatri, Pushkar",159
Manmarziyaan,2018,Hindi,3.52,"Eros International, Phantom Films, Colour Yellow Production",14-09-2018,"Drama, Romance",Anurag Kashyap,157
A Flying Jatt,2016,Hindi,7.1,Balaji Motion Pictures,25-08-2016,Action,Remo DSouza,151
Veerey Ki Wedding,2018,Hindi,121.1213,Panorama Studios,02-03-2018,"Comedy, Drama",Asshu Trikha,121
Toilet: Ek Prem Katha,2017,Hindi,20.12,"Abundantia Entertainment, Plan C Studios, Kriaj Entertainment Pvt. Ltd., Cape of Good Films, Viacom 18 Motion Pictures",11-08-2017,"Comedy, Drama",Shree Narayan Singh,155
War,2019,Hindi,53.35,Yash Raj Films,02-10-2019,"Action, Thriller",Siddharth Anand,156
Airlift,2016,Hindi,20.22,"T-Series Super Cassettes Industries Ltd., Emmay Entertainment Pvt. Ltd, Cape of Good Films, Crouching Tiger Motion Pictures",22-01-2016,"Drama, Historical",Raja Krishna Menon,124
Chakallaspur,2017,Hindi,0.001,Kiran Jaiswal Production,26-05-2017,Drama,Rajnish Jaiswal,124
31st October,2016,Hindi,0.1,Magical Dreams Productions Pvt Ltd,21-10-2016,"Drama, Period",Shivaji Lotan Patil,109
Tubelight,2017,Hindi,21.15,Salman Khan Films,23-06-2017,Drama,Kabir Khan,136
Fighter,2024,Hindi,24.6,"Marflix Pictures, Viacom18 Studio",25-01-2024,"Action, Patriotic",Siddharth Anand,166
Hai Apna Dil Toh Awara,2016,Hindi,0.04,"Anikaa Films, Monjoy Joy Mukerji Productions",05-08-2016,Comedy,Monjoy Joy Mukerji,127
Paltan,2018,Hindi,1.28,"Zee Studios, J P Films",07-09-2018,Drama,J P Dutta,154
Commando 2,2017,Hindi,5.14,"Reliance Entertainment, Pen India Ltd., Sunshine Pictures Pvt. Ltd",03-03-2017,"Action, Drama",Deven Bhojani,123
Housefull 5,2025,Hindi,24.35,Nadiadwala Grandson Entertainment,06-06-2025,"Comedy, Thriller",Tarun Mansukhani,165
Dhadak,2018,Hindi,8.71,"Dharma Productions, Zee Studios",20-07-2018,"Romance, Drama",Shashank Khaitan,138
Aiyaary,2018,Hindi,3.36,"Reliance Entertainment, Plan C Studios, Jayantilal Gada, A Friday Filmworks",16-02-2018,"Action, Drama, Thriller",Neeraj Pandey,160
Dukaan,2024,Hindi,0.18,"Waveband Production, Kalamkaar Picture Productions",05-04-2024,"Social, Drama","Garima Wahal, Siddharth Singh",122
Hamid,2019,Hindi,0.01,"Saregama India Limited, Yoodlee Films",15-03-2019,Social,Aijaz Khan,108
Phule,2025,Hindi,0.25,"Zee Studios, Dancing Shiva Productions, Kingsmen Productions",25-04-2025,"Biographical, Drama",Ananth Narayan Mahadevan,129
Hope Aur Hum,2018,Hindi,0.12,"PVR Pictures, Thumbnail Pictures",11-05-2018,Comedy,Sudip Bandyopadhyay,96
The Fakir of Venice,2019,Hindi,0.04,"Phat Phish Productions, October Films LLP",08-02-2019,Drama,Anand Surapur,87
Heer Express,2025,Hindi,0.35,"A Merry Go Round Studios, Tulip Entertainment, Divisa Entertainment, Creative Strokes Group",12-09-2025,"Comedy, Drama",Umesh Shukla,142
Moh Maya Money,2016,Hindi,0.25,Delhi Talkies,25-11-2016,Drama,Munish Bhardwaj,109
Jogira Sara Ra Ra,2023,Hindi,0.3,Touchwood Multimedia Creations,26-05-2023,"Romance, Comedy",Kushan Nandy,121
Running Shaadi,2017,Hindi,0.15,"Crouching Tiger Motion Pictures, Rising Sun Films Production",17-02-2017,"Romance, Comedy",Amit Roy,114
Photograph,2019,Hindi,0.25,"Amazon Studios, Filmscience, The Match Factory, Poetic License, KNM Production, Skywalk Films",15-03-2019,"Drama, Romance",Ritesh Batra,111
Joram,2023,Hindi,0.4,Zee Studios,08-12-2023,"Action, Thriller",Devashish Makhija,121
Waarrior Savitri,2016,Hindi,0.01,"Jai Viratra Entertainment Ltd, Dr. Bob's Production",25-08-2016,"Action, Drama",Param Gill,123
Fraud Saiyaan,2019,Hindi,0.11,"Prakash Jha Productions, Drama King Entertainment",18-01-2019,Comedy,Sourabh Shrivastava,109
Jab Harry Met Sejal,2017,Hindi,15.25,Red Chillies Entertainment,04-08-2017,"Drama, Romance",Imtiaz Ali,143
Rukh,2017,Hindi,0.1,"Eros International, Drishyam Films",27-10-2017,Thriller,Atanu Mukharjee,106
Yeh Hai India,2019,Hindi,0.001,DLB Films Pvt Ltd,24-05-2019,Drama,Lom Harsh,128
Mantostaan,2017,Hindi,0.07,"Rahat Kazmi Films, Tariq Khan Production, Aditya Pratap Singh Entertainment, Zeba Sajid Films",05-05-2017,"Drama, Biographical, Historical, Period",Rahat Kazmi,92
Aligarh,2016,Hindi,0.31,"Karma Pictures, Eros International",26-02-2016,"Social, Drama",Hansal Mehta,120
Tiger 3,2023,Hindi,44.5,Yash Raj Films,12-11-2023,"Action, Thriller",Maneesh Sharma,153
Golmaal Again,2017,Hindi,30.14,"Rohit Shetty Productions, Reliance Entertainment, Mangal Murti Films PVT. LTD.",20-10-2017,"Horror, Comedy",Rohit Shetty,151
Begum Jaan,2017,Hindi,0.02,"Vishesh Films, PLAY Entertainment",14-04-2017,Drama,Srijit Mukherjee,134
Super 30,2019,Hindi,11.83,"Nadiadwala Grandson Entertainment, Reliance Entertainment, Phantom Films, HRX Films",12-07-2019,"Biographical, Drama, Social",Vikas Bahl,154
Sukhee,2023,Hindi,0.25,"T-Series Super Cassettes Industries Ltd., Abundantia Entertainment, Gulshan Kumar Presents",22-09-2023,"Family, Drama",Sonal Joshi,138
Junooniyat,2016,Hindi,0.4,T-Series Super Cassettes Industries Ltd.,24-06-2016,Romance,Vivek Agnihotri,129
Love Ke Funday,2016,Hindi,0.01,"FRV Big Business Entertainment Pvt. Ltd, Prem Motion Pictures",29-07-2016,"Comedy, Romance",Indervesh Yogee,131
Cash,2021,Hindi,3.73,"Adlabs Films Ltd, Sohail Maklai Entertainment Pvt Ltd, Seven Entertainment Ltd., ASP White",19-11-2021,"Action, Thriller",Anubhav Sinha,119
Raid,2018,Hindi,10.04,"T-Series Super Cassettes Industries Ltd., Panorama Studios",16-03-2018,"Crime, Thriller",Rajkumar Gupta,128
Bhool Bhulaiyaa 2,2022,Hindi,14.11,"T-Series Super Cassettes Industries Ltd., Cine1 Studios Production",20-05-2022,"Horror, Comedy",Anees Bazmee,143
Mom,2017,Hindi,2.9,"Zee Studios, Mad Films, Third Eye Pictures, BSK Network & Entertainment Pvt. Ltd., Naresh Agarwal Films",07-07-2017,Thriller,Ravi Udyawar,147
Jacqueline I Am Coming,2019,Hindi,0.01,M.D. Production,18-10-2019,Drama,Banty Dubey,111
Bajrang Aur Ali,2024,Hindi,0.24,"Utterup Films, Phenomenal Crafts Ltd",07-06-2024,Drama,Jaiveer Sharma,122
Ishqeria,2018,Hindi,0.04,"Yen Movies Production, Swarp Films",21-09-2018,Romance,Prerna Wadhawan,118
Race 3,2018,Hindi,28.5,"Salman Khan Films, Tips Films",15-06-2018,"Action, Suspense",Remo DSouza,159
Dono,2023,Hindi,0.7,"Rajshri Productions Pvt Ltd, Jio Studios",05-10-2023,"Romance, Drama",Avnish S. Barjatya,156
Raazi,2018,Hindi,7.53,"Junglee Pictures, Dharma Productions",11-05-2018,"Patriotic, Thriller",Meghna Gulzar,138
Julie 2,2017,Hindi,1.4,Vijaya Films,24-11-2017,"Drama, Romance, Thriller",Sethumadhavan,137
Uunchai,2022,Hindi,1.81,"Rajshri Productions Pvt Ltd, Mahaveer Jain Films, Boundless Media",11-11-2022,"Family, Drama",Sooraj Barjatya,169
Afwaah,2023,Hindi,0.3,"T-Series Super Cassettes Industries Ltd., Benaras Media Works Production, Anubhav Sinha Productions Pvt Ltd",05-05-2023,Drama,Sudhir Mishra,126
Doctor G,2022,Hindi,3.87,Junglee Pictures,14-10-2022,"Drama, Comedy",Anubhuti Kashyap,124
G Kutta Se,2017,Hindi,0.03,SFE International,16-06-2017,"Drama, Horror, Social",Rahul Dahiya,103
Bunty Aur Babli 2,2021,Hindi,2.6,Yash Raj Films,19-11-2021,"Comedy, Crime",Varun V. Sharma,133
Bombairiya,2019,Hindi,0.02,"Beautiful Bay Entertainment, Kreo Films",18-01-2019,Drama,Pia Sukanya,108
Shivaay,2016,Hindi,10.24,"Ajay Devgn Films, Eros International",28-10-2016,"Drama, Action",Ajay Devgn,172
Kalank,2019,Hindi,21.6,"Nadiadwala Grandson Entertainment, Dharma Productions, Fox Star Studios",17-04-2019,"Drama, Period, Romance",Abhishek Varman,168
The Body,2019,Hindi,0.66,"Azure Entertainment, Viacom 18 Motion Pictures",13-12-2019,"Horror, Thriller",Jeethu Joseph,103
Befikre,2016,Hindi,10.36,Yash Raj Films,09-12-2016,"Comedy, Romance",Aditya Chopra,132
Toolsidas Junior,2022,Hindi,0.01,"T-Series Super Cassettes Industries Ltd., Ashutosh Gowariker Productions",04-03-2022,"Sports, Drama",Mridul,130
Student of the Year 2,2019,Hindi,12.06,"Dharma Productions, Fox Star Studios",10-05-2019,"Romance, Action, Drama",Punit Malhotra,145
Sanju,2018,Hindi,34.75,"Vidhu Vinod Chopra Productions, Rajkumar Hirani Films, Fox Star Studios",29-06-2018,"Biographical, Drama",Rajkumar Hirani,155
Sajini Shinde Ka Viral Video,2023,Hindi,0.06,Maddock Films,27-10-2023,"Suspense, Thriller",Mikhil Musale,116
83,2021,Hindi,12.64,"Nadiadwala Grandson Entertainment, Reliance Entertainment, Phantom Films, KA Productions, Kabir Khan Films, 83 Film Ltd, Vibri Media",24-12-2021,"Biographical, Sports",Kabir Khan,162
Kaagaz,2021,Hindi,0.005,"Salman Khan Films, The Satish Kaushik Entertainment",07-01-2021,"Social, Drama",Satish Kaushik,109
Maassab,2021,Hindi,0.04,Purushottam Studios,26-02-2021,"Social, Drama",Aditya Om,0
Kissebaaz,2019,Hindi,0.14,"PVR Pictures, Experion Moviez",14-06-2019,"Drama, Action, Crime",Annant Jaaitpaal,123
Kahan Shuru Kahan Khatam,2024,Hindi,0.93,"Bhanushali Studios, Kathputli Creations",20-09-2024,"Romance, Drama",Saurabh Dasgupta,106
Jolly LLB 3,2025,Hindi,12.5,Star Studio,19-09-2025,"Comedy, Drama",Subhash Kapoor,157
Ghayal: Once Again,2016,Hindi,7.2,"Sunny Sounds Pvt Ltd, Vijayta Films",05-02-2016,"Action, Drama",Sunny Deol,128
Sandeep Aur Pinky Faraar,2021,Hindi,0.06,Yash Raj Films,19-03-2021,"Drama, Crime",Dibakar Banerjee,125
Project Marathwada,2016,Hindi,0.03,"Eagle Eye Entertainment, Wadia Productions",03-06-2016,Drama,Bhavin Wadia,102
Sikandar,2025,Hindi,0.5,Minerva Movietone,28-03-2025,"Action, Drama",Sohrab Modi,133
Hukus Bukus,2023,Hindi,0.04,Shining Sun Studios,03-11-2023,"Social, Drama","Vinay Bhardwaj, Saumitra Singh",113
Pride,2024,Hindi,0.005,Omaks Production,02-08-2024,"Action, Drama",Pankaj K.R. Virat,49
The Zoya Factor,2019,Hindi,0.7,"Adlabs Films Ltd, Fox Star Studios",20-09-2019,"Comedy, Sports",Abhishek Sharma,134
Hume Tumse Pyaar Kitna,2019,Hindi,0.05,"Bora Bora Entertainment, Belvie Productions",05-07-2019,Romance,Lalit Mohan,151
Naam,2024,Hindi,0.08,"Snigdha Movies Pvt Ltd, Roongta Entertainment",22-11-2024,"Crime, Thriller",Anees Bazmee,136
Mirzya,2016,Hindi,2.2,"Rakeysh Omprakash Mehra Pictures, Cinestaan Film Company Pvt. Ltd.",07-10-2016,Romance,Rakeysh Omprakash Mehra,129
Kisi Ka Bhai Kisi Ki Jaan,2023,Hindi,15.81,Salman Khan Films,21-04-2023,"Action, Comedy",Farhad Samji,144
Drishyam 2,2022,Hindi,15.38,"T-Series Super Cassettes Industries Ltd., Viacom 18 Motion Pictures, Panorama Studios",18-11-2022,"Crime, Thriller",Abhishek Pathak,142
Shaila,2025,Hindi,0.03,Riyom Films,28-02-2025,"Romance, Musical",Saki Shah,95
Global Baba,2016,Hindi,0.07,Vijay Arts,11-03-2016,Drama,Manoj Siddheshwari Tiwari,118
Ishq Click,2016,Hindi,0.05,Algol Films,22-07-2016,Drama,Anil Balani,138
Rock On 2,2016,Hindi,2.02,"Excel Entertainment, Eros International",11-11-2016,"Drama, Musical",Shujaat Saudagar,139
Dedh Lakh Ka Dulha,2022,Hindi,0.01,"KK Films Creations, APS Pictures",30-12-2022,Comedy,Abhay Pratap Singh,128
Tu Meri Poori Kahani,2025,Hindi,0.08,Indira Entertainment,26-09-2025,"Romance, Drama",Suhrita Das,138
Pataakha,2018,Hindi,0.8,"KYTA Productions, Vishal Bhardwaj Pictures Pvt Ltd, B4U Motion Pictures",28-09-2018,"Action, Comedy, Drama",Vishal Bhardwaj,134
Goldfish,2023,Hindi,0.1,Splendid Films,01-09-2023,Drama,Pushan Kripalani,99
7 Hours To Go,2016,Hindi,0.45,Krian Media,24-06-2016,"Crime, Action, Thriller",Saurabh Varma,115
Ladki: Dragon Girl,2022,Hindi,0.02,Artsee Media Production,15-07-2022,"Action, Romance",Ram Gopal Varma,133
Judgementall Hai Kya,2019,Hindi,4.5,"Balaji Motion Pictures, Karma Media Entertainment",26-07-2019,"Action, Crime, Drama, Suspense, Thriller",Prakash Kovelamudi,121
Bhediya,2022,Hindi,7.48,"Maddock Films, Jio Studios",24-11-2022,"Horror, Comedy",Amar Kaushik,156
Pathaan,2023,Hindi,57,Yash Raj Films,25-01-2023,"Action, Thriller",Siddharth Anand,146
The Sky Is Pink,2019,Hindi,2.5,"RSVP, Roy Kapur Films, Purple Pebble Pictures",11-10-2019,"Family, Drama",Shonali Bose,149
Bhool Bhulaiyaa 3,2024,Hindi,36.6,T-Series Super Cassettes Industries Ltd.,01-11-2024,"Horror, Comedy",Anees Bazmee,158
The Lady Killer,2023,Hindi,0.003,"T-Series Super Cassettes Industries Ltd., Karma Media Entertainment",03-11-2023,"Crime, Thriller",Ajay Bahl,125
Monsoon Shootout,2017,Hindi,0.6,"DAR Motion Pictures, Sikhya Entertainment",14-11-2017,Thriller,Amit Kumar,88
Vodka Diaries,2018,Hindi,0.3,"K'Scope Entertainment Pvt. Ltd, Vishalraj Films And Production Pvt. Ltd.",19-01-2018,Drama,Kushal Shrivastav,117
Genius,2018,Hindi,0.65,"Soham Rockstar Entertainment, Anil Sharma Productions",24-08-2018,Drama,Anil Sharma,164
Rocket Gang,2022,Hindi,0.25,Zee Studios,11-11-2022,"Dance, Children",Bosco Martis,139
Shaadi Teri Bajayenge Hum Band,2018,Hindi,0.12,Rangrezza Films,23-03-2018,Comedy,Gurpreet Sondh,135
The Final Exit,2017,Hindi,0.1,Mars Entertainment,22-09-2017,"Drama, Horror",Dhwanil Mehta,119
Badhaai Do,2022,Hindi,1.65,"Junglee Pictures, Zee Studios",11-02-2022,"Romance, Comedy",Harshavardhan Kulkarni,147
Kill,2024,Hindi,1.35,"Dharma Productions, Sikhya Entertainment, LionsGate Entertainment, Roadside Attractions",05-07-2024,"Action, Thriller",Nikhil Nagesh Bhat,106
Dil Juunglee,2018,Hindi,0.35,Pooja Entertainment India Ltd.,09-03-2018,Comedy,Aleya Sen,124
Hamare Baarah,2024,Hindi,0.17,"Radhika Films, Newtech Media Entertainment",21-06-2024,"Social, Drama",Kamal Chandra,148
Baadshaho,2017,Hindi,12.6,"T-Series Super Cassettes Industries Ltd., Milan Luthria Films Pvt Ltd, Vertex Motion Pictures Pvt. Ltd",01-09-2017,"Action, Thriller",Milan Luthria,136
Pink,2016,Hindi,4.32,"Rising Sun Films Production, Rashmi Sharma Films",16-09-2016,"Social, Drama",Aniruddha Roy Chowdhury,136
Bhanwarey,2017,Hindi,0.001,"Screenshot Media & Entertainment, Sudha Creations",24-03-2017,"Comedy, Drama",Shaurya Singh,120
Dhak Dhak,2023,Hindi,0.8,"Viacom 18 Motion Pictures, Outsider Flims Productions, BLM Pictures",13-10-2023,"Adventure, Drama",Tarun Dudeja,140
Gurgaon,2017,Hindi,0.46,"M R Filmworks, Hashstag Film Studios, Jar Pictures",04-08-2017,"Drama, Crime",Shankar Raman,107
Battalion 609,2019,Hindi,0.01,"N.J. Lalwani Films, BIG Curtains Media Pvt. Ltd",11-01-2019,"Action, Drama",Brijesh Batuknath Tripathi,142
A Gentleman,2017,Hindi,4.04,Fox Star Studios,25-08-2017,"Action, Thriller","Krishna DK, Raj Nidimoru",132
Article 15,2019,Hindi,5.02,"Benaras Media Works Production, Zee Studios",28-06-2019,"Thriller, Crime, Drama, Social",Anubhav Sinha,130
Jaat,2025,Hindi,9.62,"Mythri Movie Makers, People Media Factory",10-04-2025,"Action, Drama",Gopichand Malineni,153
Bachchhan Paandey,2022,Hindi,13.25,"Nadiadwala Grandson Entertainment, Zee Studios",18-03-2022,"Action, Comedy",Farhad Samji,149
Ye Mard Bechara,2021,Hindi,0.04,"2idiot Films, Raw Entertainment",19-11-2021,"Comedy, Drama",Anuup Thapa,134
Gangubai Kathiawadi,2022,Hindi,10.5,"Sanjay Leela Bhansali Films, Pen India Ltd.",25-02-2022,"Biographical, Drama",Sanjay Leela Bhansali,156
India's Most Wanted,2019,Hindi,2.1,"Fox Star Studios, Raapchik Films",24-05-2019,Thriller,Rajkumar Gupta,125
Kapkapiii,2025,Hindi,0.2,"Bravo Entertainment, Zee Studios",23-05-2025,"Horror, Comedy",Sangeeth Sivan,140
Jalebi,2018,Hindi,0.5,Vishesh Films,12-10-2018,"Drama, Romance",Pushpdeep Bhardwaj,112
Article 370,2024,Hindi,6.12,"Jio Studios, B62 Studios",23-02-2024,"Action, Patriotic",Aditya Suhas Jambhale,156
Dashmi,2024,Hindi,0.05,3S Movies,16-02-2024,"Thriller, Drama",Shantanu Anant Tambe,0
Fever,2016,Hindi,0.01,"Niche Film Farm, Jaya Sapthagiri Production, Plus Entertainment Pvt. Ltd., ICM Entertainment Production",05-08-2016,"Romance, Thriller",Rajeev Jhaveri,127
Rangoon,2017,Hindi,5.05,"Viacom 18 Motion Pictures, Nadiadwala Grandson Entertainment, Vishal Bhardwaj Pictures Pvt Ltd",24-02-2017,"Drama, Action, Romance",Vishal Bhardwaj,167
A Scandall,2016,Hindi,0.06,Let's Ring The Bell Productions,24-06-2016,Thriller,Ishan Shrivedi,112
Aakhir Kab Tak,2016,Hindi,0.01,P.N.J Films,14-10-2016,Drama,Mithilesh Avinash,108
Naam Shabana,2017,Hindi,5.12,"Plan C Studios, KriArj Entertainment, Cape of Good Films, Reliance Entertainment, A Friday Filmworks",31-03-2017,"Action, Thriller",Shivam Nair,148
Shubh Mangal Saavdhan,2017,Hindi,2.71,"Eros International, Colour Yellow Production",01-09-2017,"Comedy, Romance",R.S. Prasanna,105
Thank God,2022,Hindi,8.1,"T-Series Super Cassettes Industries Ltd., Maruti International",25-10-2022,"Comedy, Drama",Indra Kumar,121
Badrinath Ki Dulhania,2017,Hindi,12.25,"Fox Star Studios, Dharma Productions",10-03-2017,"Romance, Comedy",Shashank Khaitan,139
Qarib Qarib Singlle,2017,Hindi,1.75,Zee Studios,10-11-2017,Drama,Tanuja Chandra,125
Batti Gul Meter Chalu,2018,Hindi,6.5,"T-Series Super Cassettes Industries Ltd., Krti Pictures LLP",21-09-2018,"Drama, Social",Shree Narayan Singh,175
Shab,2017,Hindi,0.18,"Anticlock Films, WSG Pictures",14-07-2017,Thriller,Onir,108
Shehzada,2023,Hindi,0.95,"T-Series, Brat Films, Allu Entertainment",17-02-2023,"Action, Comedy, Drama, Romance",Rohit Dhawan,142
Kadvi Hawa,2017,Hindi,0.04,"Drishyam Films, Eros International",24-11-2017,Drama,Nila Madhab Panda,99
Nikita Roy,2025,Hindi,0.19,"Nicky Vicky Bhagnani Films, Kratos Entertainment, Nikita Pai Films",18-07-2025,"Horror, Thriller",Kussh S Sinha,116
Fan,2016,Hindi,19.2,Yash Raj Films,15-04-2016,"Action, Drama",Maneesh Sharma,142
Matto Ki Saikil,2022,Hindi,0.1,Shivdeva Films,16-09-2022,"Social, Drama",M. Gani,95
Pushtaini,2024,Hindi,0.05,"Lotus Dust Pictures, Vinraw Films",21-06-2024,"Comedy, Drama",Vinod Rawat,90
Satellite Shankar,2019,Hindi,0.1,"T-Series Super Cassettes Industries Ltd., Cine1 Studios Production",08-11-2019,"Action, Drama, Family, Patriotic",Irfan Kamal,134
Saand Ki Aankh,2019,Hindi,0.48,Reliance Entertainment,25-10-2019,"Drama, Action, Biographical",Tushar Hiranandani,146
One Day: Justice Delivered,2019,Hindi,0.1,"D Neev Films, A Cinema Friday International, Netrix Entertainment",05-07-2019,"Crime, Thriller",Ashok Nanda,124
Jagga Jasoos,2017,Hindi,8.57,"Walt Disney Pictures, Picture Shuru Productions",14-07-2017,"Comedy, Thriller",Anurag Basu,161
Luv You Shankar,2024,Hindi,0.04,"SD World Film Production, Jumping Tomato Studio",19-04-2024,"Mythological, Drama",Rajiv S. Ruia,117
Savi,2024,Hindi,2.05,"T-Series Super Cassettes Industries Ltd., Vishesh Films, Mishty Productions",31-05-2024,"Crime, Thriller",Abhinay Deo,126
Khel Toh Ab Shuru Hoga,2016,Hindi,0.03,"GMD Films, Batra Showbiz",13-05-2016,Drama,Kunal V Singh,130
Judaa Hoke Bhi,2022,Hindi,0.25,K Sera Sera,15-07-2022,"Drama, Romance",Vikram Bhatt,118
Bhavesh Joshi Superhero,2018,Hindi,0.3,"Eros International, Phantom Films, Reliance Entertainment",01-06-2018,"Drama, Action, Social",Vikramaditya Motwane,155
Junglee,2019,Hindi,1.75,Sobodh Mukherjee Prod,29-03-2019,"Comedy, Musical, Romance",Subodh Mukherjee,115
Sooryavanshi,2021,Hindi,26.29,"Dharma Productions, Cape of Good Films, Reliance Entertainment, Rohit Shetty Picturez",05-11-2021,"Action, Thriller",Rohit Shetty,145
Ghoomer,2023,Hindi,0.8,"Saraswati Entertainment Private Limited, Hope Film Makers",18-08-2023,"Sports, Drama",R. Balki,134
Batla House,2019,Hindi,14,"T-Series Super Cassettes Industries Ltd., Emmay Entertainment Pvt. Ltd, JA Entertainment Pvt. Ltd., Bake My Cake Film Production",15-08-2019,"Action, Crime, Drama, Thriller",Nikkhil Advani,146
Khandaani Shafakhana,2019,Hindi,0.75,T-Series Super Cassettes Industries Ltd.,02-08-2019,Drama,Shilpi Dasgupta,137
Middle Class Love,2022,Hindi,0.5,"Benaras Media Works Production, Zee Studios",16-09-2022,"Romance, Comedy",Ratnaa Sinha,130
Aksar 2,2017,Hindi,0.8,Siddhi Vinayak Creations,17-11-2017,"Drama, Thriller",Ananth Narayan Mahadevan,115
Ajab Singh Ki Gajab Kahani,2017,Hindi,0.04,"Shree Triveni Films International, An India E-Commerce Ltd.",21-04-2017,"Drama, Biographical",Rishi Prakash Mishra,114
Meri Pyaari Bindu,2017,Hindi,1.75,Yash Raj Films,12-05-2017,"Romance, Drama",Akshay Roy,119
Baaghi 2,2018,Hindi,25.1,"Benetone Films, Fox Star Studios, Nadiadwala Grandson Entertainment",30-03-2018,"Action, Drama",Ahmed Khan,145
Swatantrya Veer Savarkar,2024,Hindi,1.1,"Legend Global Studios, Randeep Hooda Films",22-03-2024,"Biographical, Patriotic",Randeep Hooda,178
Direct Ishq,2016,Hindi,0.11,Baba Motion Pictures,19-02-2016,"Comedy, Romance",Rajiv S. Ruia,130
War 2,2025,Hindi,29,Yash Raj Films,14-08-2025,"Action, Thriller",Ayan Mukerji,179
Maa,2025,Hindi,10.43,Bombay Talkies,27-06-2025,Drama,Bimabl Ropay,133
Harami,2021,Hindi,10.43,Gobsmack Entertainment,24-10-2021,Drama,Shyam Madiraju,100
Baaghi 4,2025,Hindi,13.2,Nadiadwala Grandson Entertainment,05-09-2025,"Action, Romance",A. Harsha,163
Param Sundari,2025,Hindi,7.37,Maddock Films,29-08-2025,"Romance, Comedy",Tushar Jalota,136
Son of Sardaar 2,2025,Hindi,7.5,"Ajay Devgn Films, Jio Studios",01-08-2025,"Comedy, Action",Vijay Kumar Arora,147
Dear Zindagi,2016,Hindi,8.75,"Dharma Productions, Red Chillies Entertainment, Hope Productions",25-11-2016,Drama,Gauri Shinde,151
Jawan,2023,Hindi,75,Red Chillies Entertainment,07-09-2023,"Action, Thriller",Atlee Kumar,169
Tumbbad,2018,Hindi,0.65,"Eros International Media Ltd, Colour Yellow Production, A Little Town Films Production",12-10-2018,"Horror, Thriller",Rahi Anil Barve,113
Singham Again,2024,Hindi,43.7,"Jio Studios, Rohit Shetty Productions",01-11-2024,"Action, Drama",Rohit Shetty,144
Sunny Sanskari Ki Tulsi Kumari,2025,Hindi,10.11,"Dharma Productions, Mentor Disciple Film",02-10-2025,"Romance, Comedy",Shashank Khaitan,136
Deva,2025,Hindi,5.78,"Zee Studios, Roy Kapur Films",31-01-2025,"Action, Thriller",Rosshan Andrrews,156
Uri: The Surgical Strike,2019,Hindi,138.1383,RSVP Movies,02-08-2019,"Action, Drama, War",Aditya Dhar,138
Gang of Littles,2016,Hindi,0.0005,PNA Entertainment,16-12-2016,Drama,Vijay Kumar Mishra,110
Teri Baaton Mein Aisa Uljha Jiya,2024,Hindi,7.02,"Maddock Films, Jio Studios",09-02-2024,"Romance, Drama","Amit Joshi, Aradhana Sah",143
Khichdi 2: Mission Paanthukistan,2023,Hindi,1.1,Hats Off Productions,17-11-2023,"Comedy, Family",Aatish Kapadia,122
Bade Miyan Chote Miyan,2024,Hindi,16.07,"Pooja Entertainment India Ltd., AAZ Films",11-04-2024,"Action, Thriller",Ali Abbas Zafar,164
Stree 2,2024,Hindi,46,"Maddock Films, Jio Studios",15-08-2024,"Horror, Comedy",V Shantaram,143
Madgaon Express,2024,Hindi,1.63,Excel Entertainment,22-03-2024,"Comedy, Drama",Kunal Kemmu,144
Samrat Prithviraj,2022,Hindi,10.7,Yash Raj Films,03-06-2022,"Historical, Patriotic",Dr. Chandraprakash Dwivedi,133
Karwaan,2018,Hindi,1.6,"Ishka Films, RSVP",03-08-2018,Drama,Akarsh Khurana,120
Murderbaad,2025,Hindi,0.05,"Reliance Entertainment, Acjee Entertainment",18-07-2025,"Crime, Drama",Arnab Chatterjee,153
Shaitaan,2024,Hindi,15.21,"Ajay Devgn FFilms, Panorama Studios, Jio Studios",08-03-2024,"Thriller, Horror",Vikas Bahl,132
Ginny Weds Sunny,2020,Hindi,125.1253,Soundrya Productions,09-10-2020,"Comedy, Romance",Puneet Khanna,125
Transistor,2021,Hindi,10.43,ArrÃ© Studio,30-07-2021,Romance,Prem Singh,25
Aap Jaisa Koi,2025,Hindi,0.92,Dharma Productions,11-07-2025,"Romance, Comedy",Vivek Soni,115
Stree,2018,Hindi,6.82,Radio Sound Pictures,31-08-2018,"Horror, Comedy",Saki,128
Raees,2017,Hindi,143.1433,Ballet Pictures,25-01-2017,"Thriller, Action, Crime",Qaisar Sabhai,143
Dange,2024,Hindi,0.15,"T-Series Super Cassettes Industries Ltd., Getaway Pictures, Roox Media",01-03-2024,"Action, Drama",Bejoy Nambiar,150
Ek Chatur Naar,2025,Hindi,0.5,Drama Company,12-09-2025,Thriller,Sumit Roy King,134
Satyaprem Ki Katha,2023,Hindi,9.25,"Nadiadwala Grandson Entertainment, Namah Pictures",29-06-2023,"Romance, Comedy",Sameer Vidwans,146
Demons,2022,Hindi,10.43,Humara Movie,07-05-2022,Drama,Rohit Mittal,96
14 Phere,2021,Hindi,112.1123,Zee Studios,23-07-2021,"Romance, Comedy",Devanshu Singh,112
Crew,2024,Hindi,10.28,"Balaji Motion Pictures, Anil Kapoor Films Company",29-03-2024,"Comedy, Drama",Rajesh Krishnan,123
Sui Dhaaga - Made in India,2018,Hindi,8.3,Yash Raj Films,28-09-2018,"Comedy, Drama, Family",Sharat Katariya,150
Attack,2022,Hindi,3.51,"JA Entertainment, Pen Studios, Ajay Kapoor Productions",01-04-2022,"Action, Science Fiction, Thriller",Lakshya Raj Anand,123
Trapped,2017,Hindi,0.26,Indian Art Prod,17-03-2017,"Social, Thriller",M Bhavnani,105
Dear Maya,2017,Hindi,0.13,"Waves Cinemas, Bake My Cake Film Production",02-06-2017,Drama,Sunaina Bhatnagar,131
JugJugg Jeeyo,2022,Hindi,9.28,"Dharma Productions, Viacom 18 Motion Pictures",24-06-2022,"Comedy, Family",Raj Mehta,148
Chakki,2022,Hindi,0.02,"Natraj, Milcent, Haystar, and Mycrofine",07-10-2022,"Comedy, Drama",Satish Munda,138
Chandu Champion,2024,Hindi,4.25,"Nadiadwala Grandson Entertainment, Kabir Khan Films",14-06-2024,"Biographical, Sports",Kabir Khan,143
Band of Maharajas,2024,Hindi,4.7,Clapstem Entertainment,06-12-2024,"Drama, Music",Girish Malik,124
Gyanvapi Files: A Tailor's Murder Story,2025,Hindi,0.3,"Altair Media, Jani Firefox Films, Luciole Production",11-07-2025,"Crime, Drama",Bharat S Shrinate,123
Josef - Born in Grace,2019,Hindi,0.01,UA Kathachitra,11-01-2019,Drama,Susant Misra,100
Koi Jaane Na,2021,Hindi,0.5,"T-Series Super Cassettes Industries Ltd., Amin Hajee Film Company",02-04-2021,"Thriller, Suspense",Amin Hajee,141
Hindutva,2022,Hindi,0.4,Jaikara Films,07-10-2022,"Drama, Social",Karan Razdan,135
Nil Battey Sannata,2016,Hindi,0.32,"Eros International, Jar Pictures, Colour Yellow Production",22-04-2016,"Comedy, Drama",Ashwiny Iyer Tiwari,100
Vedaa,2024,Hindi,6.75,"Emmay Entertainment Pvt. Ltd, Zee Studios, JA Entertainment Pvt. Ltd.",15-08-2024,"Action, Drama",Nikkhil Advani,150
Mili,2022,Hindi,88.883,"Bayview Projects,Zee Studios",04-11-2022,"Musical, Romance",Hrishikesh Mukherjee,88
Yodha,2024,Hindi,4.25,"Dharma Productions, Mentor Disciple Entertainment",15-03-2024,Action,Rahul Rawail,131
All India Rank,2024,Hindi,0.35,Matchbox Shots,23-02-2024,"Comedy, Drama",Varun Grover,101
Kaamyaab,2020,Hindi,0.35,"Red Chillies Entertainment, Drishyam Films",06-03-2020,"Comedy, Drama",Hardik Mehta,109
Aasma,2025,Hindi,0.15,"Last Monk Media, Uberoi Line Productions, Plexus Films, Navnidhi Productions",10-02-2025,"Action, Crime, Drama, Thriller",Sudipto Sen,105
Ek Kori Prem Katha,2024,Hindi,0.04,"Kenilworth Film Productions, Sughand Films",05-04-2024,"Romance, Drama",Chinmay Purohit,129
Raaz Reboot,2016,Hindi,6.3,"Vishesh Films, T-Series Super Cassettes Industries Ltd.",16-09-2016,Horror,Vikram Bhatt,127
Maalik,2025,Hindi,4.02,Sunny Art Productions,11-07-2025,Drama,S M Yusuf,152
Gumraah,2023,Hindi,1.5,Dharma Productions,07-04-2023,"Drama, Action","Himanshu Brahmbhatt, Mahesh Bhatt, Gurudev Bhalla, Vijay Kumar",130
Raksha Bandhan,2022,Hindi,0.1,"Cape Of Good Films, Colour Yellow Productions, Zee Studios",11-08-2022,"Comedy, Drama, Family",Shantilal Soni,110
Brij Mohan Amar Rahe!,2017,Hindi,99.993,Yoodlee Films,13-12-2017,"Social, Drama",Nikhil Bhatt,99
The Bhootnii,2025,Hindi,0.65,Salman Khan Films,01-05-2025,Action,Salman Khan,0
Accident or Conspiracy: Godhra,2024,Hindi,0.5,"Om Trinetra Films, Artverse Studios",19-07-2024,"Crime, Drama",M.K. Shivaaksh,156
Coolie No. 1,2020,Hindi,0.74,Pooja Entertainment India Ltd.,25-12-2020,"Comedy, Romance","David Dhawan, K Raghavendra Rao",135
Ok Jaanu,2017,Hindi,4.08,"Dharma Productions, Fox Star Studios, Madras Talkies",13-01-2017,"Romance, Drama",Shaad Ali,137
Newton,2017,Hindi,0.96,Drishyam Films,22-09-2017,"Drama, Social",Amit Masurkar,106
Mrs. Chatterjee Vs Norway,2023,Hindi,1.27,"Emmay Entertainment Pvt. Ltd, Zee Studios",17-03-2023,"Biographical, Drama",Ashima Chibber,135
Lovefucked,2018,Hindi,105.1053,Humara Medialabs,13-10-2018,"Romance, Drama",Aadish Keluskar,105
Khuda Haafiz Chapter 2: Agni Pariksha,2022,Hindi,1.31,"Panorama Studios, Zee Studios, Action Hero Films",08-07-2022,"Drama, Action, Romance",Faruk Kabir,146
Love in Vietnam,2025,Hindi,0.06,"Blue Lotus Pictures, Zee Studios, Tariq Khan Production, Rahhat Shah Kazmi Films, Zebaish Entertainment, Mango Tree Entertainment",12-09-2025,"Romance, Drama",Rahhat Shah Kazmi,132
Indoo Ki Jawani,2020,Hindi,0.22,"T-Series Super Cassettes Industries Ltd., Emmay Entertainment Pvt. Ltd, Electric Apples Entertainment",11-12-2020,"Comedy, Romance",Abir Sengupta,118
Sarkar 3,2017,Hindi,2.1,"Alumbra Entertainment, Eros Entertainment, Waves Cinemas, A B Corp",12-05-2017,Drama,Ram Gopal Varma,132
7 Hours to Go,2016,Hindi,0.45,Krian Pictures,24-06-2016,"Action, Suspense, Thriller",Saurabh Varma,114
Junction Varanasi,2019,Hindi,0.01,Aryan Entertainment World,18-10-2019,Drama,Dheeraj Pandit,143
Baaghi 3,2020,Hindi,11.94,"Utv Motion Pictures, Nadiadwala Grandson Entertainment",29-04-2016,"Action, Romance",Sabbir Khan,139
Ajab Singh ki Gazab Kahani,2017,Hindi,0.04,Shree Triveni Films International,12-05-2017,Drama,Rishi Prakash Mishra,115
"Monica, O My Darling",2022,Hindi,129.1293,Matchbox Shots,11-11-2022,"Crime, Comedy, Drama, Mystery",Vasan Bala,129
Ek Villain Returns,2022,Hindi,7.05,"T-Series Super Cassettes Industries Ltd., Balaji Telefilms Ltd",29-07-2022,"Action, Thriller",Mohit Suri,128
Sab Kushal Mangal,2020,Hindi,0.15,One Up Entertainment,03-01-2020,"Drama, Action, Comedy, Crime",Karan Kashyap,134
Zara Hatke Zara Bachke,2023,Hindi,5.49,"Maddock Films, Jio Studios",02-06-2023,"Romance, Comedy",Laxman Utekar,132
Kisi Ka Bhai... Kisi Ki Jaan,2023,Hindi,15.81,Salman Khan Films,21-04-2023,"Action, Comedy",Farhad Samji,144
Yudhra,2024,Hindi,4.52,Excel Entertainment,20-09-2024,"Thriller, Action",Ravi Udyawar,141
Romeo Akbar Walter,2019,Hindi,5.35,"Viacom 18 Motion Pictures, Red Ice Productions, KYTA Productions, VA Film Company",05-04-2019,"Action, Drama, Patriotic, Thriller",Robby Grewal,141
Gunjan Saxena: The Kargil Girl,2020,Hindi,1.1,"Dharma Productions, Zee Studios",12-08-2020,"Biographical, Drama, Patriotic",Sharan Sharma,110
Munjya,2024,Hindi,4.21,Maddock Films,07-06-2024,"Horror, Comedy",Aditya Sarpotdar,123
Srikanth,2024,Hindi,2.41,"T-Series Super Cassettes Industries Ltd., Chalk N Cheese Films Production LLP",10-05-2024,"Biographical, Drama",Tushar Hiranandani,134
Rocky Handsome,2016,Hindi,5.39,"J.A. Entertainment, Azure Entertainment",24-03-2016,Action,Nishikant Kamat,126
